1a,フシギダネ,くさ,どく,45,49,49,65,65,45,318,ふしぎだね,
2a,フシギソウ,くさ,どく,60,62,63,80,80,60,405,ふしぎそう,
3a,フシギバナ,くさ,どく,80,82,83,100,100,80,525,ふしぎばな,
3b,メガフシギバナ,くさ,どく,80,100,123,122,120,80,625,めがふしぎばな,
3c,フシギバナGM,くさ,どく,80,82,83,100,100,80,525,ふしぎばな,GM
4a,ヒトカゲ,ほのお,,39,52,43,60,50,65,309,ひとかげ,
5a,リザード,ほのお,,58,64,58,80,65,80,405,りざーど,
6a,リザードン,ほのお,ひこう,78,84,78,109,85,100,534,りざーどん,
6b,メガリザードンX,ほのお,ドラゴン,78,130,111,130,85,100,634,めがりざーどん,X
6c,メガリザードンY,ほのお,ひこう,78,104,78,159,115,100,634,めがりざーどん,Y
6d,リザードンGM,ほのお,ひこう,78,84,78,109,85,100,534,りざーどん,GM
7a,ゼニガメ,みず,,44,48,65,50,64,43,314,ぜにがめ,
8a,カメール,みず,,59,63,80,65,80,58,405,かめーる,
9a,カメックス,みず,,79,83,100,85,105,78,530,かめっくす,
9b,メガカメックス,みず,,79,103,120,135,115,78,630,めがかめっくす,
9c,カメックスGM,みず,,79,83,100,85,105,78,530,かめっくす,GM
10a,キャタピー,むし,,45,30,35,20,20,45,195,きゃたぴー,
11a,トランセル,むし,,50,20,55,25,25,30,205,とらんせる,
12a,バタフリー,むし,ひこう,60,45,50,90,80,70,395,ばたふりー,
12b,バタフリーGM,むし,ひこう,60,45,50,90,80,70,395,ばたふりー,GM
13a,ビードル,むし,どく,40,35,30,20,20,50,195,びーどる,
14a,コクーン,むし,どく,45,25,50,25,25,35,205,こくーん,
15a,スピアー,むし,どく,65,90,40,45,80,75,395,すぴあー,
15b,メガスピアー,むし,どく,65,150,40,15,80,145,495,めがすぴあー,
16a,ポッポ,ノーマル,ひこう,40,45,40,35,35,56,251,ぽっぽ,
17a,ピジョン,ノーマル,ひこう,63,60,55,50,50,71,349,ぴじょん,
18a,ピジョット,ノーマル,ひこう,83,80,75,70,70,101,479,ぴじょっと,
18b,メガピジョット,ノーマル,ひこう,83,80,80,135,80,121,579,めがぴじょっと,
19a,コラッタ,ノーマル,,30,56,35,25,35,72,253,こらった,
19b,コラッタA,あく,ノーマル,30,56,35,25,35,72,253,こらった,A
20a,ラッタ,ノーマル,,55,81,60,50,70,97,413,らった,
20b,ラッタA,あく,ノーマル,75,71,70,40,80,77,413,らった,A
21a,オニスズメ,ノーマル,ひこう,40,60,30,31,31,70,262,おにすずめ,
22a,オニドリル,ノーマル,ひこう,65,90,65,61,61,100,442,おにどりる,
23a,アーボ,どく,,35,60,44,40,54,55,288,あーぼ,
24a,アーボック,どく,,60,95,69,65,79,80,448,あーぼっく,
25a,ピカチュウ,でんき,,35,55,40,50,50,90,320,ぴかちゅう,
25b,ピカチュウGM,でんき,,35,55,40,50,50,90,320,ぴかちゅう,GM
26a,ライチュウ,でんき,,60,90,55,90,80,110,485,らいちゅう,
26b,ライチュウA,でんき,エスパー,60,85,50,95,85,110,485,らいちゅう,A
27a,サンド,じめん,,50,75,85,20,30,40,300,さんど,
27b,サンドA,こおり,はがね,50,75,90,10,35,40,300,さんど,A
28a,サンドパン,じめん,,75,100,110,45,55,65,450,さんどぱん,
28b,サンドパンA,こおり,はがね,75,100,120,25,65,65,450,さんどぱん,A
29a,ニドラン♀,どく,,55,47,52,40,40,41,275,にどらんめす,♀
30a,ニドリーナ,どく,,70,62,67,55,55,56,365,にどりーな,
31a,ニドクイン,どく,じめん,90,92,87,75,85,76,505,にどくいん,
32a,ニドラン♂,どく,,46,57,40,40,40,50,273,にどらんおす,♂
33a,ニドリーノ,どく,,61,72,57,55,55,65,365,にどりーの,
34a,ニドキング,どく,じめん,81,102,77,85,75,85,505,にどきんぐ,
35a,ピッピ,フェアリー,,70,45,48,60,65,35,323,ぴっぴ,
36a,ピクシー,フェアリー,,95,70,73,95,90,60,483,ぴくしー,
37a,ロコン,ほのお,,38,41,40,50,65,65,299,ろこん,
37b,ロコンA,こおり,,38,41,40,50,65,65,299,ろこん,A
38a,キュウコン,ほのお,,73,76,75,81,100,100,505,きゅうこん,
38b,キュウコンA,こおり,フェアリー,73,67,75,81,100,109,505,きゅうこん,A
39a,プリン,ノーマル,フェアリー,115,45,20,45,25,20,270,ぷりん,
40a,プクリン,ノーマル,フェアリー,140,70,45,85,50,45,435,ぷくりん,
41a,ズバット,どく,ひこう,40,45,35,30,40,55,245,ずばっと,
42a,ゴルバット,どく,ひこう,75,80,70,65,75,90,455,ごるばっと,
43a,ナゾノクサ,くさ,どく,45,50,55,75,65,30,320,なぞのくさ,
44a,クサイハナ,くさ,どく,60,65,70,85,75,40,395,くさいはな,
45a,ラフレシア,くさ,どく,75,80,85,110,90,50,490,らふれしあ,
46a,パラス,むし,くさ,35,70,55,45,55,25,285,ぱらす,
47a,パラセクト,むし,くさ,60,95,80,60,80,30,405,ぱらせくと,
48a,コンパン,むし,どく,60,55,50,40,55,45,305,こんぱん,
49a,モルフォン,むし,どく,70,65,60,90,75,90,450,もるふぉん,
50a,ディグダ,じめん,,10,55,25,35,45,95,265,でぃぐだ,
50b,ディグダA,じめん,はがね,10,55,30,35,45,90,265,でぃぐだ,A
51a,ダグトリオ,じめん,,35,100,50,50,70,120,425,だぐとりお,
51b,ダグトリオA,じめん,はがね,35,100,60,50,70,110,425,だぐとりお,A
52a,ニャース,ノーマル,,40,45,35,40,40,90,290,にゃーす,
52b,ニャースA,あく,,40,35,35,50,40,90,290,にゃーす,A
52c,ニャースG,はがね,,50,65,55,40,40,40,290,にゃーす,G
52d,ニャースGM,ノーマル,,40,45,35,40,40,90,290,にゃーす,GM
53a,ペルシアン,ノーマル,,65,70,60,65,65,115,440,ぺるしあん,
53b,ペルシアンA,あく,,65,60,60,75,65,115,440,ぺるしあん,A
54a,コダック,みず,,50,52,48,65,50,55,320,こだっく,
55a,ゴルダック,みず,,80,82,78,95,80,85,500,ごるだっく,
56a,マンキー,かくとう,,40,80,35,35,45,70,305,まんきー,
57a,オコリザル,かくとう,,65,105,60,60,70,95,455,おこりざる,
58a,ガーディ,ほのお,,55,70,45,70,50,60,350,がーでぃ,
58b,ガーディH,ほのお,いわ,60,75,45,65,50,55,350,がーでぃ,H
59a,ウインディ,ほのお,,90,110,80,100,80,95,555,ういんでぃ,
59b,ウインディH,ほのお,いわ,95,115,80,95,80,90,555,ういんでぃ,H
60a,ニョロモ,みず,,40,50,40,40,40,90,300,にょろも,
61a,ニョロゾ,みず,,65,65,65,50,50,90,385,にょろぞ,
62a,ニョロボン,みず,かくとう,90,95,95,70,90,70,510,にょろぼん,
63a,ケーシィ,エスパー,,25,20,15,105,55,90,310,けーしぃ,
64a,ユンゲラー,エスパー,,40,35,30,120,70,105,400,ゆんげらー,
65a,フーディン,エスパー,,55,50,45,135,95,120,500,ふーでぃん,
65b,メガフーディン,エスパー,,55,50,65,175,105,150,600,めがふーでぃん,
66a,ワンリキー,かくとう,,70,80,50,35,35,35,305,わんりきー,
67a,ゴーリキー,かくとう,,80,100,70,50,60,45,405,ごーりきー,
68a,カイリキー,かくとう,,90,130,80,65,85,55,505,かいりきー,
68b,カイリキーGM,かくとう,,90,130,80,65,85,55,505,かいりきー,GM
69a,マダツボミ,くさ,どく,50,75,35,70,30,40,300,まだつぼみ,
70a,ウツドン,くさ,どく,65,90,50,85,45,55,390,うつどん,
71a,ウツボット,くさ,どく,80,105,65,100,70,70,490,うつぼっと,
72a,メノクラゲ,みず,どく,40,40,35,50,100,70,335,めのくらげ,
73a,ドククラゲ,みず,どく,80,70,65,80,120,100,515,どくくらげ,
74a,イシツブテ,いわ,じめん,40,80,100,30,30,20,300,いしつぶて,
74b,イシツブテA,いわ,でんき,40,80,100,30,30,20,300,いしつぶて,A
75a,ゴローン,いわ,じめん,55,95,115,45,45,35,390,ごろーん,
75b,ゴローンA,いわ,でんき,55,95,115,45,45,35,390,ごろーん,A
76a,ゴローニャ,いわ,じめん,80,120,130,55,65,45,495,ごろーにゃ,
76b,ゴローニャA,いわ,でんき,80,120,130,55,65,45,495,ごろーにゃ,A
77a,ポニータ,ほのお,,50,85,55,65,65,90,410,ぽにーた,
77b,ポニータG,エスパー,,50,85,55,65,65,90,410,ぽにーた,G
78a,ギャロップ,ほのお,,65,100,70,80,80,105,500,ぎゃろっぷ,
78b,ギャロップG,エスパー,フェアリー,65,100,70,80,80,105,500,ぎゃろっぷ,G
79a,ヤドン,みず,エスパー,90,65,65,40,40,15,315,やどん,
79b,ヤドンG,エスパー,,90,65,65,40,40,15,315,やどん,G
80a,ヤドラン,みず,エスパー,95,75,110,100,80,30,490,やどらん,
80b,メガヤドラン,みず,エスパー,95,75,180,130,80,30,590,めがやどらん,
80c,ヤドランG,どく,エスパー,95,100,95,100,70,30,490,やどらん,G
81a,コイル,でんき,はがね,25,35,70,95,55,45,325,こいる,
82a,レアコイル,でんき,はがね,50,60,95,120,70,70,465,れあこいる,
83a,カモネギ,ノーマル,ひこう,52,90,55,58,62,60,377,かもねぎ,
83b,カモネギG,かくとう,,52,95,55,58,62,55,377,かもねぎ,G
84a,ドードー,ノーマル,ひこう,35,85,45,35,35,75,310,どーどー,
85a,ドードリオ,ノーマル,ひこう,60,110,70,60,60,110,470,どーどりお,
86a,パウワウ,みず,,65,45,55,45,70,45,325,ぱうわう,
87a,ジュゴン,みず,こおり,90,70,80,70,95,70,475,じゅごん,
88a,ベトベター,どく,,80,80,50,40,50,25,325,べとべたー,
88b,ベトベターA,どく,あく,80,80,50,40,50,25,325,べとべたー,A
89a,ベトベトン,どく,,105,105,75,65,100,50,500,べとべとん,
89b,ベトベトンA,どく,あく,105,105,75,65,100,50,500,べとべとん,A
90a,シェルダー,みず,,30,65,100,45,25,40,305,しぇるだー,
91a,パルシェン,みず,こおり,50,95,180,85,45,70,525,ぱるしぇん,
92a,ゴース,ゴースト,どく,30,35,30,100,35,80,310,ごーす,
93a,ゴースト,ゴースト,どく,45,50,45,115,55,95,405,ごーすと,
94a,ゲンガー,ゴースト,どく,60,65,60,130,75,110,500,げんがー,
94b,メガゲンガー,ゴースト,どく,60,65,80,170,95,130,600,めがげんがー,
94c,ゲンガーGM,ゴースト,どく,60,65,60,130,75,110,500,げんがー,GM
95a,イワーク,いわ,じめん,35,45,160,30,45,70,385,いわーく,
96a,スリープ,エスパー,,60,48,45,43,90,42,328,すりーぷ,
97a,スリーパー,エスパー,,85,73,70,73,115,67,483,すりーぱー,
98a,クラブ,みず,,30,105,90,25,25,50,325,くらぶ,
99a,キングラー,みず,,55,130,115,50,50,75,475,きんぐらー,
99b,キングラーGM,みず,,55,130,115,50,50,75,475,きんぐらー,GM
100a,ビリリダマ,でんき,,40,30,50,55,55,100,330,びりりだま,
100b,ビリリダマH,でんき,くさ,40,30,50,55,55,100,330,びりりだま,H
101a,マルマイン,でんき,,60,50,70,80,80,150,490,まるまいん,
101b,マルマインH,でんき,くさ,60,50,70,80,80,150,490,まるまいん,H
102a,タマタマ,くさ,エスパー,60,40,80,60,45,40,325,たまたま,
103a,ナッシー,くさ,エスパー,95,95,85,125,75,55,530,なっしー,
103b,ナッシーA,くさ,ドラゴン,95,105,85,125,75,45,530,なっしー,A
104a,カラカラ,じめん,,50,50,95,40,50,35,320,からから,
105a,ガラガラ,じめん,,60,80,110,50,80,45,425,がらがら,
105b,ガラガラA,ほのお,ゴースト,60,80,110,50,80,45,425,がらがら,A
106a,サワムラー,かくとう,,50,120,53,35,110,87,455,さわむらー,
107a,エビワラー,かくとう,,50,105,79,35,110,76,455,えびわらー,
108a,ベロリンガ,ノーマル,,90,55,75,60,75,30,385,べろりんが,
109a,ドガース,どく,,40,65,95,60,45,35,340,どがーす,
110a,マタドガス,どく,,65,90,120,85,70,60,490,またどがす,
110b,マタドガスG,どく,フェアリー,65,90,120,85,70,60,490,またどがす,G
111a,サイホーン,じめん,いわ,80,85,95,30,30,25,345,さいほーん,
112a,サイドン,じめん,いわ,105,130,120,45,45,40,485,さいどん,
113a,ラッキー,ノーマル,,250,5,5,35,105,50,450,らっきー,
114a,モンジャラ,くさ,,65,55,115,100,40,60,435,もんじゃら,
115a,ガルーラ,ノーマル,,105,95,80,40,80,90,490,がるーら,
115b,メガガルーラ,ノーマル,,105,125,100,60,100,100,590,めががるーら,
116a,タッツー,みず,,30,40,70,70,25,60,295,たっつー,
117a,シードラ,みず,,55,65,95,95,45,85,440,しーどら,
118a,トサキント,みず,,45,67,60,35,50,63,320,とさきんと,
119a,アズマオウ,みず,,80,92,65,65,80,68,450,あずまおう,
120a,ヒトデマン,みず,,30,45,55,70,55,85,340,ひとでまん,
121a,スターミー,みず,エスパー,60,75,85,100,85,115,520,すたーみー,
122a,バリヤード,エスパー,フェアリー,40,45,65,100,120,90,460,ばりやーど,
122b,バリヤードG,こおり,エスパー,50,65,65,90,90,100,460,ばりやーど,G
123a,ストライク,むし,ひこう,70,110,80,55,80,105,500,すとらいく,
124a,ルージュラ,こおり,エスパー,65,50,35,115,95,95,455,るーじゅら,
125a,エレブー,でんき,,65,83,57,95,85,105,490,えれぶー,
126a,ブーバー,ほのお,,65,95,57,100,85,93,495,ぶーばー,
127a,カイロス,むし,,65,125,100,55,70,85,500,かいろす,
127b,メガカイロス,むし,ひこう,65,155,120,65,90,105,600,めがかいろす,
128a,ケンタロス,ノーマル,,75,100,95,40,70,110,490,けんたろす,
128b,ケンタロスP,かくとう,,75,110,105,30,70,100,490,けんたろす,P
128c,ケンタロスP炎,かくとう,ほのお,75,110,105,30,70,100,490,けんたろす,P炎
128d,ケンタロスP水,かくとう,みず,75,110,105,30,70,100,490,けんたろす,P水
129a,コイキング,みず,,20,10,55,15,20,80,200,こいきんぐ,
130a,ギャラドス,みず,ひこう,95,125,79,60,100,81,540,ぎゃらどす,
130b,メガギャラドス,みず,あく,95,155,109,70,130,81,640,めがぎゃらどす,
131a,ラプラス,みず,こおり,130,85,80,85,95,60,535,らぷらす,
131b,ラプラスGM,みず,こおり,130,85,80,85,95,60,535,らぷらす,GM
132a,メタモン,ノーマル,,48,48,48,48,48,48,288,めたもん,
133a,イーブイ,ノーマル,,55,55,50,45,65,55,325,いーぶい,
133b,イーブイGM,ノーマル,,55,55,50,45,65,55,325,いーぶい,GM
134a,シャワーズ,みず,,130,65,60,110,95,65,525,しゃわーず,
135a,サンダース,でんき,,65,65,60,110,95,130,525,さんだーす,
136a,ブースター,ほのお,,65,130,60,95,110,65,525,ぶーすたー,
137a,ポリゴン,ノーマル,,65,60,70,85,75,40,395,ぽりごん,
138a,オムナイト,いわ,みず,35,40,100,90,55,35,355,おむないと,
139a,オムスター,いわ,みず,70,60,125,115,70,55,495,おむすたー,
140a,カブト,いわ,みず,30,80,90,55,45,55,355,かぶと,
141a,カブトプス,いわ,みず,60,115,105,65,70,80,495,かぶとぷす,
142a,プテラ,いわ,ひこう,80,105,65,60,75,130,515,ぷてら,
142b,メガプテラ,いわ,ひこう,80,135,85,70,95,150,615,めがぷてら,
143a,カビゴン,ノーマル,,160,110,65,65,110,30,540,かびごん,
143b,カビゴンGM,ノーマル,,160,110,65,65,110,30,540,かびごん,GM
144a,フリーザー,こおり,ひこう,90,85,100,95,125,85,580,ふりーざー,
144b,フリーザーG,エスパー,ひこう,90,85,85,125,100,95,580,ふりーざー,G
145a,サンダー,でんき,ひこう,90,90,85,125,90,100,580,さんだー,
145b,サンダーG,かくとう,ひこう,90,125,90,85,90,100,850,さんだー,G
146a,ファイヤー,ほのお,ひこう,90,100,90,125,85,90,580,ふぁいやー,
146b,ファイヤーG,あく,ひこう,90,85,90,100,125,90,580,ふぁいやー,G
147a,ミニリュウ,ドラゴン,,41,64,45,50,50,50,300,みにりゅう,
148a,ハクリュー,ドラゴン,,61,84,65,70,70,70,420,はくりゅー,
149a,カイリュー,ドラゴン,ひこう,91,134,95,100,100,80,600,かいりゅー,
150a,ミュウツー,エスパー,,106,110,90,154,90,130,680,みゅうつー,
150b,メガミュウツーX,エスパー,かくとう,106,150,70,194,120,140,780,めがみゅうつー,X
150c,メガミュウツーY,エスパー,,106,190,100,154,100,130,780,めがみゅうつー,Y
151a,ミュウ,エスパー,,100,100,100,100,100,100,600,みゅう,
152a,チコリータ,くさ,,45,49,65,49,65,45,318,ちこりーた,
153a,ベイリーフ,くさ,,60,62,80,63,80,60,405,べいりーふ,
154a,メガニウム,くさ,,80,82,100,83,100,80,525,めがにうむ,
155a,ヒノアラシ,ほのお,,39,52,43,60,50,65,309,ひのあらし,
156a,マグマラシ,ほのお,,58,64,58,80,65,80,405,まぐまらし,
157a,バクフーン,ほのお,,78,84,78,109,85,100,534,ばくふーん,
157b,バクフーンH,ほのお,ゴースト,73,84,78,119,85,95,534,ばくふーん,H
158a,ワニノコ,みず,,50,65,64,44,48,43,314,わにのこ,
159a,アリゲイツ,みず,,65,80,80,59,63,58,405,ありげいつ,
160a,オーダイル,みず,,85,105,100,79,83,78,530,おーだいる,
161a,オタチ,ノーマル,,35,46,34,35,45,20,215,おたち,
162a,オオタチ,ノーマル,,85,76,64,45,55,90,415,おおたち,
163a,ホーホー,ノーマル,ひこう,60,30,30,36,56,50,262,ほーほー,
164a,ヨルノズク,ノーマル,ひこう,100,50,50,86,96,70,452,よるのずく,
165a,レディバ,むし,ひこう,40,20,30,40,80,55,265,れでぃば,
166a,レディアン,むし,ひこう,55,35,50,55,110,85,390,れでぃあん,
167a,イトマル,むし,どく,40,60,40,40,40,30,250,いとまる,
168a,アリアドス,むし,どく,70,90,70,60,70,40,400,ありあどす,
169a,クロバット,どく,ひこう,85,90,80,70,80,130,535,くろばっと,
170a,チョンチー,みず,でんき,75,38,38,56,56,67,330,ちょんちー,
171a,ランターン,みず,でんき,125,58,58,76,76,67,460,らんたーん,
172a,ピチュー,でんき,,20,40,15,35,35,60,205,ぴちゅー,
173a,ピィ,フェアリー,,50,25,28,45,55,15,218,ぴぃ,
174a,ププリン,ノーマル,フェアリー,90,30,15,40,20,15,210,ぷぷりん,
175a,トゲピー,フェアリー,,35,20,65,40,65,20,245,とげぴー,
176a,トゲチック,フェアリー,ひこう,55,40,85,80,105,40,405,とげちっく,
177a,ネイティ,エスパー,ひこう,40,50,45,70,45,70,320,ねいてぃ,
178a,ネイティオ,エスパー,ひこう,65,75,70,95,70,95,470,ねいてぃお,
179a,メリープ,でんき,,55,40,40,65,45,35,280,めりーぷ,
180a,モココ,でんき,,70,55,55,80,60,45,365,もここ,
181a,デンリュウ,でんき,,90,75,85,115,90,55,510,でんりゅう,
181b,メガデンリュウ,でんき,ドラゴン,90,95,105,165,110,45,610,めがでんりゅう,
182a,キレイハナ,くさ,,75,80,95,90,100,50,490,きれいはな,
183a,マリル,みず,フェアリー,70,20,50,20,50,40,250,まりる,
184a,マリルリ,みず,フェアリー,100,50,80,60,80,50,420,まりるり,
185a,ウソッキー,いわ,,70,100,115,30,65,30,410,うそっきー,
186a,ニョロトノ,みず,,90,75,75,90,100,70,500,にょろとの,
187a,ハネッコ,くさ,ひこう,35,35,40,35,55,50,250,はねっこ,
188a,ポポッコ,くさ,ひこう,55,45,50,45,65,80,340,ぽぽっこ,
189a,ワタッコ,くさ,ひこう,75,55,70,55,95,110,460,わたっこ,
190a,エイパム,ノーマル,,55,70,55,40,55,85,360,えいぱむ,
191a,ヒマナッツ,くさ,,30,30,30,30,30,30,180,ひまなっつ,
192a,キマワリ,くさ,,75,75,55,105,85,30,425,きまわり,
193a,ヤンヤンマ,むし,ひこう,65,65,45,75,45,95,390,やんやんま,
194a,ウパー,みず,じめん,55,45,45,25,25,15,210,うぱー,
194b,ウパーP,どく,じめん,55,45,45,25,25,15,210,うぱー,P
195a,ヌオー,みず,じめん,95,85,85,65,65,35,430,ぬおー,
196a,エーフィ,エスパー,,65,65,60,130,95,110,525,えーふぃ,
197a,ブラッキー,あく,,95,65,110,60,130,65,525,ぶらっきー,
198a,ヤミカラス,あく,ひこう,60,85,42,85,42,91,405,やみからす,
199a,ヤドキング,みず,エスパー,95,75,80,100,110,30,490,やどきんぐ,
199b,ヤドキングG,どく,エスパー,95,65,80,110,110,30,490,やどきんぐ,G
200a,ムウマ,ゴースト,,60,60,60,85,85,85,435,むうま,
201a,アンノーン,エスパー,,48,72,48,72,48,48,336,あんのーん,
202a,ソーナンス,エスパー,,190,33,58,33,58,33,405,そーなんす,
203a,キリンリキ,ノーマル,エスパー,70,80,65,90,65,85,455,きりんりき,
204a,クヌギダマ,むし,,50,65,90,35,35,15,290,くぬぎだま,
205a,フォレトス,むし,はがね,75,90,140,60,60,40,465,ふぉれとす,
206a,ノコッチ,ノーマル,,100,70,70,65,65,45,415,のこっち,
207a,グライガー,じめん,ひこう,65,75,105,35,65,85,430,ぐらいがー,
208a,ハガネール,はがね,じめん,75,85,200,55,65,30,510,はがねーる,
208b,メガハガネール,はがね,じめん,75,125,230,55,95,30,610,めがはがねーる,
209a,ブルー,フェアリー,,60,80,50,40,40,30,300,ぶるー,
210a,グランブル,フェアリー,,90,120,75,60,60,45,450,ぐらんぶる,
211a,ハリーセン,みず,どく,65,95,85,55,55,85,440,はりーせん,
211b,ハリーセンH,あく,どく,65,95,85,55,55,85,440,はりーせん,H
212a,ハッサム,むし,はがね,70,130,100,55,80,65,500,はっさむ,
212b,メガハッサム,むし,はがね,70,150,140,65,100,75,600,めがはっさむ,
213a,ツボツボ,むし,いわ,20,10,230,10,230,5,505,つぼつぼ,
214a,ヘラクロス,むし,かくとう,80,125,75,40,95,85,500,へらくろす,
214b,メガヘラクロス,むし,かくとう,80,185,115,40,105,75,600,めがへらくろす,
215a,ニューラ,あく,こおり,55,95,55,35,75,115,430,にゅーら,
215b,ニューラH,かくとう,どく,55,95,55,35,75,115,430,にゅーら,H
216a,ヒメグマ,ノーマル,,60,80,50,50,50,40,330,ひめぐま,
217a,リングマ,ノーマル,,90,130,75,75,75,55,500,りんぐま,
218a,マグマッグ,ほのお,,40,40,40,70,40,20,250,まぐまっぐ,
219a,マグカルゴ,ほのお,いわ,60,50,120,90,80,30,430,まぐかるご,
220a,ウリムー,こおり,じめん,50,50,40,30,30,50,250,うりむー,
221a,イノムー,こおり,じめん,100,100,80,60,60,50,450,いのむー,
222a,サニーゴ,みず,いわ,65,55,95,65,95,35,410,さにーご,
222b,サニーゴG,ゴースト,,60,55,100,65,100,30,410,さにーご,G
223a,テッポウオ,みず,,35,65,35,65,35,65,300,てっぽうお,
224a,オクタン,みず,,75,105,75,105,75,45,480,おくたん,
225a,デリバード,こおり,ひこう,45,55,45,65,45,75,330,でりばーど,
226a,マンタイン,みず,ひこう,85,40,70,80,140,70,485,まんたいん,
227a,エアームド,はがね,ひこう,65,80,140,40,70,70,465,えあーむど,
228a,デルビル,あく,ほのお,45,60,30,80,50,65,330,でるびる,
229a,ヘルガー,あく,ほのお,75,90,50,110,80,95,500,へるがー,
229b,メガヘルガー,あく,ほのお,75,90,90,140,90,115,600,めがへるがー,
230a,キングドラ,みず,ドラゴン,75,95,95,95,95,85,540,きんぐどら,
231a,ゴマゾウ,じめん,,90,60,60,40,40,40,330,ごまぞう,
232a,ドンファン,じめん,,90,120,120,60,60,50,500,どんふぁん,
233a,ポリゴン2,ノーマル,,85,80,90,105,95,60,515,ぽりごん２,
234a,オドシシ,ノーマル,,73,95,62,85,65,85,465,おどしし,
235a,ドーブル,ノーマル,,55,20,35,20,45,75,250,どーぶる,
236a,バルキー,かくとう,,35,35,35,35,35,35,210,ばるきー,
237a,カポエラー,かくとう,,50,95,95,35,110,70,455,かぽえらー,
238a,ムチュール,こおり,エスパー,45,30,15,85,65,65,305,むちゅーる,
239a,エレキッド,でんき,,45,63,37,65,55,95,360,えれきっど,
240a,ブビィ,ほのお,,45,75,37,70,55,83,365,ぶびぃ,
241a,ミルタンク,ノーマル,,95,80,105,40,70,100,490,みるたんく,
242a,ハピナス,ノーマル,,255,10,10,75,135,55,540,はぴなす,
243a,ライコウ,でんき,,90,85,75,115,100,115,580,らいこう,
244a,エンテイ,ほのお,,115,115,85,90,75,100,580,えんてい,
245a,スイクン,みず,,100,75,115,90,115,85,580,すいくん,
246a,ヨーギラス,いわ,じめん,50,64,50,45,50,41,300,よーぎらす,
247a,サナギラス,いわ,じめん,70,84,70,65,70,51,410,さなぎらす,
248a,バンギラス,いわ,あく,100,134,110,95,100,61,600,ばんぎらす,
248b,メガバンギラス,いわ,あく,100,164,150,95,120,71,700,めがばんぎらす,
249a,ルギア,エスパー,ひこう,106,90,130,90,154,110,680,るぎあ,
250a,ホウオウ,ほのお,ひこう,106,130,90,110,154,90,680,ほうおう,
251a,セレビィ,エスパー,むし,100,100,100,100,100,100,600,せれびぃ,
252a,キモリ,くさ,,40,45,35,65,55,70,310,きもり,
253a,ジュプトル,くさ,,50,65,45,85,65,95,405,じゅぷとる,
254a,ジュカイン,くさ,,70,85,65,105,85,120,530,じゅかいん,
254b,メガジュカイン,くさ,ドラゴン,70,110,75,145,85,145,630,めがじゅかいん,
255a,アチャモ,ほのお,,45,60,40,70,50,45,310,あちゃも,
256a,ワカシャモ,ほのお,かくとう,60,85,60,85,60,55,405,わかしゃも,
257a,バシャーモ,ほのお,かくとう,80,120,70,110,70,80,530,ばしゃーも,
257b,メガバシャーモ,ほのお,かくとう,80,160,80,130,80,100,630,めがばしゃーも,
258a,ミズゴロウ,みず,,50,70,50,50,50,40,310,みずごろう,
259a,ヌマクロー,みず,じめん,70,85,70,60,70,50,405,ぬまくろー,
260a,ラグラージ,みず,じめん,100,110,90,85,90,60,535,らぐらーじ,
260b,メガラグラージ,みず,じめん,100,150,110,95,110,70,635,めがらぐらーじ,
261a,ポチエナ,あく,,35,55,35,30,30,35,220,ぽちえな,
262a,グラエナ,あく,,70,90,70,60,60,70,420,ぐらえな,
263a,ジグザグマ,ノーマル,,38,30,41,30,41,60,240,じぐざぐま,
263b,ジグザグマG,あく,ノーマル,38,30,41,30,41,60,240,じぐざぐま,G
264a,マッスグマ,ノーマル,,78,70,61,50,61,100,420,まっすぐま,
264b,マッスグマG,あく,ノーマル,78,70,61,50,61,100,420,まっすぐま,G
265a,ケムッソ,むし,,45,45,35,20,30,20,195,けむっそ,
266a,カラサリス,むし,,50,35,55,25,25,15,205,からさりす,
267a,アゲハント,むし,ひこう,60,70,50,100,50,65,395,あげはんと,
268a,マユルド,むし,,50,35,55,25,25,15,205,まゆるど,
269a,ドクケイル,むし,どく,60,50,70,50,90,65,385,どくけいる,
270a,ハスボー,みず,むし,40,30,30,40,50,30,220,はすぼー,
271a,ハスブレロ,みず,むし,60,50,50,60,70,50,340,はすぶれろ,
272a,ルンパッパ,みず,むし,80,70,70,90,100,70,480,るんぱっぱ,
273a,タネボー,くさ,,40,40,50,30,30,30,220,たねぼー,
274a,コノハナ,くさ,あく,70,70,40,60,40,60,340,このはな,
275a,ダーテング,くさ,あく,90,100,60,90,60,80,480,だーてんぐ,
276a,スバメ,ノーマル,ひこう,40,55,30,30,30,85,270,すばめ,
277a,オオスバメ,ノーマル,ひこう,60,85,60,75,50,125,455,おおすばめ,
278a,キャモメ,みず,ひこう,40,30,30,55,30,85,270,きゃもめ,
279a,ペリッパー,みず,ひこう,60,50,100,95,70,65,440,ぺりっぱー,
280a,ラルトス,エスパー,フェアリー,28,25,25,45,35,40,198,らるとす,
281a,キルリア,エスパー,フェアリー,38,35,35,65,55,50,278,きるりあ,
282a,サーナイト,エスパー,フェアリー,68,65,65,125,115,80,518,さーないと,
282b,メガサーナイト,エスパー,フェアリー,68,85,65,165,135,100,618,めがさーないと,
283a,アメタマ,むし,みず,40,30,32,50,52,65,269,あめたま,
284a,アメモース,むし,ひこう,70,60,62,100,82,80,454,あめもーす,
285a,キノココ,くさ,,60,40,60,40,60,35,295,きのここ,
286a,キノガッサ,くさ,かくとう,60,130,80,60,60,70,460,きのがっさ,
287a,ナマケロ,ノーマル,,60,60,60,35,35,30,280,なまけろ,
288a,ヤルキモノ,ノーマル,,80,80,80,55,55,90,440,やるきもの,
289a,ケッキング,ノーマル,,150,160,100,95,65,100,670,けっきんぐ,
290a,ツチニン,むし,じめん,31,45,90,30,30,40,266,つちにん,
291a,テッカニン,むし,ひこう,61,90,45,50,50,160,456,てっかにん,
292a,ヌケニン,むし,ゴースト,1,90,45,30,30,40,236,ぬけにん,
293a,ゴニョニョ,ノーマル,,64,51,23,51,23,28,240,ごにょにょ,
294a,ドゴーム,ノーマル,,84,71,43,71,43,48,360,どごーむ,
295a,バクオング,ノーマル,,104,91,63,91,73,68,490,ばくおんぐ,
296a,マクノシタ,かくとう,,72,60,30,20,30,25,237,まくのした,
297a,ハリテヤマ,かくとう,,144,120,60,40,60,50,474,はりてやま,
298a,ルリリ,ノーマル,フェアリー,50,20,40,20,40,20,190,るりり,
299a,ノズパス,いわ,,30,45,135,45,90,30,375,のずぱす,
300a,エネコ,ノーマル,,50,45,45,35,35,50,260,えねこ,
301a,エネコロロ,ノーマル,,70,65,65,55,55,90,400,えねころろ,
302a,ヤミラミ,あく,ゴースト,50,75,75,65,65,50,380,やみらみ,
302b,メガヤミラミ,あく,ゴースト,50,85,125,85,115,20,480,めがやみらみ,
303a,クチート,はがね,フェアリー,50,85,85,55,55,50,380,くちーと,
303b,メガクチート,はがね,フェアリー,50,105,125,55,95,50,480,めがくちーと,
304a,ココドラ,はがね,いわ,50,70,100,40,40,30,330,ここどら,
305a,コドラ,はがね,いわ,60,90,140,50,50,40,430,こどら,
306a,ボスゴドラ,はがね,いわ,70,110,180,60,60,50,530,ぼすごどら,
306b,メガボスゴドラ,はがね,,70,140,230,60,80,50,630,めがぼすごどら,
307a,アサナン,かくとう,エスパー,30,40,55,40,55,60,280,あさなん,
308a,チャーレム,かくとう,エスパー,60,60,75,60,75,80,410,ちゃーれむ,
308b,メガチャーレム,かくとう,エスパー,60,100,85,80,85,100,510,めがちゃーれむ,
309a,ラクライ,でんき,,40,45,40,65,40,65,295,らくらい,
310a,ライボルト,でんき,,70,75,60,105,60,105,475,らいぼると,
310b,メガライボルト,でんき,,70,75,80,135,80,135,575,めがらいぼると,
311a,プラスル,でんき,,60,50,40,85,75,95,405,ぷらする,
312a,マイナン,でんき,,60,40,50,75,85,95,405,まいなん,
313a,バルビート,むし,,65,73,75,47,85,85,430,ばるびーと,
314a,イルミーゼ,むし,,65,47,75,73,85,85,430,いるみーぜ,
315a,ロゼリア,くさ,どく,50,60,45,100,80,65,400,ろぜりあ,
316a,ゴクリン,どく,,70,43,53,43,53,40,302,ごくりん,
317a,マルノーム,どく,,100,73,83,73,83,55,467,まるのーむ,
318a,キバニア,みず,あく,45,90,20,65,20,65,305,きばにあ,
319a,サメハダー,みず,あく,70,120,40,95,40,95,460,さめはだー,
319b,メガサメハダー,みず,あく,70,140,70,110,65,105,560,めがさめはだー,
320a,ホエルコ,みず,,130,70,35,70,35,60,400,ほえるこ,
321a,ホエルオー,みず,,170,90,45,90,45,60,500,ほえるおー,
322a,ドンメル,ほのお,じめん,60,60,40,65,45,35,305,どんめる,
323a,バクーダ,ほのお,じめん,70,100,70,105,75,40,460,ばくーだ,
323b,メガバクーダ,ほのお,じめん,70,120,100,145,105,20,560,めがばくーだ,
324a,コータス,ほのお,,70,85,140,85,70,20,470,こーたす,
325a,バネブー,エスパー,,60,25,35,70,80,60,330,ばねぶー,
326a,ブーピッグ,エスパー,,80,45,65,90,110,80,470,ぶーぴっぐ,
327a,パッチール,ノーマル,,60,60,60,60,60,60,360,ぱっちーる,
328a,ナックラー,じめん,,45,100,45,45,45,10,290,なっくらー,
329a,ビブラーバ,じめん,ドラゴン,50,70,50,50,50,70,340,びぶらーば,
330a,フライゴン,じめん,ドラゴン,80,100,80,80,80,100,520,ふらいごん,
331a,サボネア,くさ,,50,85,40,85,40,35,335,さぼねあ,
332a,ノクタス,くさ,あく,70,115,60,115,60,55,475,のくたす,
333a,チルット,ノーマル,ひこう,45,40,60,40,75,50,310,ちるっと,
334a,チルタリス,ドラゴン,ひこう,75,70,90,70,105,80,490,ちるたりす,
334b,メガチルタリス,ドラゴン,フェアリー,75,110,110,110,105,80,590,めがちるたりす,
335a,ザングース,ノーマル,,73,115,60,60,60,90,458,ざんぐーす,
336a,ハブネーク,どく,,73,100,60,100,60,65,458,はぶねーく,
337a,ルナトーン,いわ,エスパー,90,55,65,95,85,70,460,るなとーん,
338a,ソルロック,いわ,エスパー,90,95,85,55,65,70,460,そるろっく,
339a,ドジョッチ,みず,じめん,50,48,43,46,41,60,288,どじょっち,
340a,ナマズン,みず,じめん,110,78,73,76,71,60,468,なまずん,
341a,ヘイガニ,みず,,43,80,65,50,35,35,308,へいがに,
342a,シザリガー,みず,あく,63,120,85,90,55,55,468,しざりがー,
343a,ヤジロン,じめん,エスパー,40,40,55,40,70,55,300,やじろん,
344a,ネンドール,じめん,エスパー,60,70,105,70,120,75,500,ねんどーる,
345a,リリーラ,いわ,くさ,66,41,77,61,87,23,355,りりーら,
346a,ユレイドル,いわ,くさ,86,81,97,81,107,43,495,ゆれいどる,
347a,アノプス,いわ,むし,45,95,50,40,50,75,355,あのぷす,
348a,アーマルド,いわ,むし,75,125,100,70,80,45,495,あーまるど,
349a,ヒンバス,みず,,20,15,20,10,55,80,200,ひんばす,
350a,ミロカロス,みず,,95,60,79,100,125,81,540,みろかろす,
351a,ポワルン,ノーマル,,70,70,70,70,70,70,420,ぽわるん,
352a,カクレオン,ノーマル,,60,90,70,60,120,40,440,かくれおん,
353a,カゲボウズ,ゴースト,,44,75,35,63,33,45,295,かげぼうず,
354a,ジュペッタ,ゴースト,,64,115,65,83,63,65,455,じゅぺった,
354b,メガジュペッタ,ゴースト,,64,165,75,93,83,75,555,めがじゅぺった,
355a,ヨマワル,ゴースト,,20,40,90,30,90,25,295,よまわる,
356a,サマヨール,ゴースト,,40,70,130,60,130,25,455,さまよーる,
357a,トロピウス,くさ,ひこう,99,68,83,72,87,51,460,とろぴうす,
358a,チリーン,エスパー,,75,50,80,95,90,65,455,ちりーん,
359a,アブソル,あく,,65,130,60,75,60,75,465,あぶそる,
359b,メガアブソル,あく,,65,150,60,115,60,115,565,めがあぶそる,
360a,ソーナノ,エスパー,,95,23,48,23,48,23,260,そーなの,
361a,ユキワラシ,こおり,,50,50,50,50,50,50,300,ゆきわらし,
362a,オニゴーリ,こおり,,80,80,80,80,80,80,480,おにごーり,
362b,メガオニゴーリ,こおり,,80,120,80,120,80,100,580,めがおにごーり,
363a,タマザラシ,こおり,みず,70,40,50,55,50,25,290,たまざらし,
364a,トドグラー,こおり,みず,90,60,70,75,70,45,410,とどぐらー,
365a,トドゼルガ,こおり,みず,110,80,90,95,90,65,530,とどぜるが,
366a,パールル,みず,,35,64,85,74,55,32,345,ぱーるる,
367a,ハンテール,みず,,55,104,105,94,75,52,485,はんてーる,
368a,サクラビス,みず,,55,84,105,114,75,52,485,さくらびす,
369a,ジーランス,みず,いわ,100,90,130,45,65,55,485,じーらんす,
370a,ラブカス,みず,,43,30,55,40,65,97,330,らぶかす,
371a,タツベイ,ドラゴン,,45,75,60,40,30,50,300,たつべい,
372a,コモルー,ドラゴン,,65,95,100,60,50,50,420,こもるー,
373a,ボーマンダ,ドラゴン,ひこう,95,135,80,110,80,100,600,ぼーまんだ,
373b,メガボーマンダ,ドラゴン,ひこう,95,145,130,120,90,120,700,めがぼーまんだ,
374a,ダンバル,はがね,エスパー,40,55,80,35,60,30,300,だんばる,
375a,メタング,はがね,エスパー,60,75,100,55,80,50,420,めたんぐ,
376a,メタグロス,はがね,エスパー,80,135,130,95,90,70,600,めたぐろす,
376b,メガメタグロス,はがね,エスパー,80,145,150,105,110,110,700,めがめたぐろす,
377a,レジロック,いわ,,80,100,200,50,100,50,580,れじろっく,
378a,レジアイス,こおり,,80,50,100,100,200,50,580,れじあいす,
379a,レジスチル,はがね,,80,75,150,75,150,50,580,れじすちる,
380a,ラティアス,ドラゴン,エスパー,80,80,90,110,130,110,600,らてぃあす,
380b,メガラティアス,ドラゴン,エスパー,80,100,120,140,150,110,700,めがらてぃあす,
381a,ラティオス,ドラゴン,エスパー,80,90,80,130,110,110,600,らてぃおす,
381b,メガラティオス,ドラゴン,エスパー,80,130,100,160,120,110,700,めがらてぃおす,
382a,カイオーガ,みず,,100,100,90,150,140,90,670,かいおーが,
382b,ゲンシカイオーガ,みず,,100,150,90,180,160,90,770,げんしかいおーが,ゲンシ
383a,グラードン,じめん,,100,150,140,100,90,90,670,ぐらーどん,
383b,ゲンシグラードン,じめん,ほのお,100,180,160,150,90,90,770,げんしぐらーどん,ゲンシ
384a,レックウザ,ドラゴン,ひこう,105,150,90,150,90,95,680,れっくうざ,
384b,メガレックウザ,ドラゴン,ひこう,105,180,100,180,100,115,780,めがれっくうざ,
385a,ジラーチ,はがね,エスパー,100,100,100,100,100,100,600,じらーち,
386a,デオキシス,エスパー,,50,150,50,150,50,150,600,でおきしす,
386b,デオキシス功,エスパー,,50,180,20,180,20,150,600,でおきしす,攻
386c,デオキシス防,エスパー,,50,70,160,70,160,90,600,でおきしす,防
386d,デオキシス速,エスパー,,50,95,90,95,90,180,600,でおきしす,速
387a,ナエトル,くさ,,55,68,64,45,55,31,318,なえとる,
388a,ハヤシガメ,くさ,,75,89,85,55,65,36,405,はやしがめ,
389a,ドダイトス,くさ,じめん,95,109,105,75,85,56,525,どだいとす,
390a,ヒコザル,ほのお,,44,58,44,58,44,61,309,ひこざる,
391a,モウカザル,ほのお,かくとう,64,78,52,78,52,81,405,もうかざる,
392a,ゴウカザル,ほのお,かくとう,76,104,71,104,71,108,534,ごうかざる,
393a,ポッチャマ,みず,,53,51,53,61,56,40,314,ぽっちゃま,
394a,ポッタイシ,みず,,64,66,68,81,76,50,405,ぽったいし,
395a,エンペルト,みず,はがね,84,86,88,111,101,60,530,えんぺると,
396a,ムックル,ノーマル,ひこう,40,55,30,30,30,60,245,むっくる,
397a,ムクバード,ノーマル,ひこう,55,75,50,40,40,80,340,むくばーど,
398a,ムクホーク,ノーマル,ひこう,85,120,70,50,60,100,485,むくほーく,
399a,ビッパ,ノーマル,,59,45,40,35,40,31,250,びっぱ,
400a,ビーダル,ノーマル,みず,79,85,60,55,60,71,410,びーだる,
401a,コロボーシ,むし,,37,25,41,25,41,25,194,ころぼーし,
402a,コロトック,むし,,77,85,51,55,51,65,384,ころとっく,
403a,コリンク,でんき,,45,65,34,40,34,45,263,こりんく,
404a,ルクシオ,でんき,,60,85,49,60,49,60,363,るくしお,
405a,レントラー,でんき,,80,120,79,95,79,70,523,れんとらー,
406a,スボミー,くさ,どく,40,30,35,50,70,55,280,すぼみー,
407a,ロズレイド,くさ,どく,60,70,65,125,105,90,515,ろずれいど,
408a,ズガイドス,いわ,,67,125,40,30,30,58,350,ずがいどす,
409a,ラムパルド,いわ,,97,165,60,65,50,58,495,らむぱるど,
410a,タテトプス,いわ,はがね,30,42,118,42,88,30,350,たてとぷす,
411a,トリデプス,いわ,はがね,60,52,168,47,138,30,495,とりでぷす,
412a,ミノムッチ,むし,,40,29,45,29,45,36,224,みのむっち,
413a,ミノマダム,むし,くさ,60,59,85,79,105,36,424,みのまだむ,草
413b,ミノマダム地,むし,じめん,60,79,105,59,85,36,424,みのまだむ,地
413c,ミノマダム鋼,むし,はがね,60,69,95,69,95,36,424,みのまだむ,鋼
414a,ガーメイル,むし,ひこう,70,94,50,94,50,66,424,がーめいる,
415a,ミツハニー,むし,ひこう,30,30,42,30,42,70,244,みつはにー,
416a,ビークイン,むし,ひこう,70,80,102,80,102,40,474,びーくいん,
417a,パチリス,でんき,,60,45,70,45,90,95,405,ぱちりす,
418a,ブイゼル,みず,,55,65,35,60,30,85,330,ぶいぜる,
419a,フローゼル,みず,,85,105,55,85,50,115,495,ふろーぜる,
420a,チェリンボ,くさ,,45,35,45,62,53,35,275,ちぇりんぼ,
421a,チェリム,くさ,,70,60,70,87,78,85,450,ちぇりむ,
422a,カラナクシ,みず,,76,48,48,57,62,34,325,からなくし,
423a,トリトドン,みず,じめん,111,83,68,92,82,39,475,とりとどん,
424a,エテボース,ノーマル,,75,100,66,60,66,115,482,えてぼーす,
425a,フワンテ,ゴースト,ひこう,90,50,34,60,44,70,348,ふわんて,
426a,フワライド,ゴースト,ひこう,150,80,44,90,54,80,498,ふわらいど,
427a,ミミロル,ノーマル,,55,66,44,44,56,85,350,みみろる,
428a,ミミロップ,ノーマル,,65,76,84,54,96,105,480,みみろっぷ,
428b,メガミミロップ,ノーマル,かくとう,65,136,94,54,96,135,580,めがみみろっぷ,
429a,ムウマージ,ゴースト,,60,60,60,105,105,105,495,むうまーじ,
430a,ドンカラス,あく,ひこう,100,125,52,105,52,71,505,どんからす,
431a,ニャルマー,ノーマル,,49,55,42,42,37,85,310,にゃるまー,
432a,ブニャット,ノーマル,,71,82,64,64,59,112,452,ぶにゃっと,
433a,リーシャン,エスパー,,45,30,50,65,50,45,285,りーしゃん,
434a,スカンプー,どく,あく,63,63,47,41,41,74,329,すかんぷー,
435a,スカタンク,どく,あく,103,93,67,71,61,84,479,すかたんく,
436a,ドーミラー,はがね,エスパー,57,24,86,24,86,23,300,どーみらー,
437a,ドータクン,はがね,エスパー,67,89,116,79,116,33,500,どーたくん,
438a,ウソハチ,いわ,,50,80,95,10,45,10,290,うそはち,
439a,マネネ,エスパー,フェアリー,20,25,45,70,90,60,310,まねね,
440a,ピンプク,ノーマル,,100,5,5,15,65,30,220,ぴんぷく,
441a,ペラップ,ノーマル,ひこう,76,65,45,92,42,91,411,ぺらっぷ,
442a,ミカルゲ,ゴースト,あく,50,92,108,92,108,35,485,みかるげ,
443a,フカマル,ドラゴン,じめん,58,70,45,40,45,42,300,ふかまる,
444a,ガバイト,ドラゴン,じめん,68,90,65,50,55,82,410,がばいと,
445a,ガブリアス,ドラゴン,じめん,108,130,95,80,85,102,600,がぶりあす,
445b,メガガブリアス,ドラゴン,じめん,108,170,115,120,95,92,700,めががぶりあす,
446a,ゴンベ,ノーマル,,135,85,40,40,85,5,390,ごんべ,
447a,リオル,かくとう,,40,70,40,35,40,60,285,りおる,
448a,ルカリオ,かくとう,はがね,70,110,70,115,70,90,525,るかりお,
448b,メガルカリオ,かくとう,はがね,70,145,88,140,70,112,625,めがるかりお,
449a,ヒポポタス,じめん,,68,72,78,38,42,32,330,ひぽぽたす,
450a,カバルドン,じめん,,108,112,118,68,72,47,525,かばるどん,
451a,スコルピ,どく,むし,40,50,90,30,55,65,330,すこるぴ,
452a,ドラピオン,どく,あく,70,90,110,60,75,95,500,どらぴおん,
453a,グレッグル,どく,かくとう,48,61,40,61,40,50,300,ぐれっぐる,
454a,ドクロッグ,どく,かくとう,83,106,65,86,65,85,490,どくろっぐ,
455a,マスキッパ,くさ,,74,100,72,90,72,46,454,ますきっぱ,
456a,ケイコウオ,みず,,49,49,56,49,61,66,330,けいこうお,
457a,ネオラント,みず,,69,69,76,69,86,91,460,ねおらんと,
458a,タマンタ,みず,ひこう,45,20,50,60,120,50,345,たまんた,
459a,ユキカブリ,くさ,こおり,60,62,50,62,60,40,334,ゆきかぶり,
460a,ユキノオー,くさ,こおり,90,92,75,92,85,60,494,ゆきのおー,
460b,メガユキノオー,くさ,こおり,90,132,105,132,105,30,594,めがゆきのおー,
461a,マニューラ,あく,こおり,70,120,65,45,85,125,510,まにゅーら,
462a,ジバコイル,でんき,はがね,70,70,115,130,90,60,535,じばこいる,
463a,ベロベルト,ノーマル,,110,85,95,80,95,50,515,べろべると,
464a,ドサイドン,じめん,いわ,115,140,130,55,55,40,535,どさいどん,
465a,モジャンボ,くさ,,100,100,125,110,50,50,535,もじゃんぼ,
466a,エレキブル,でんき,,75,123,67,95,85,95,540,えれきぶる,
467a,ブーバーン,ほのお,,75,95,67,125,95,83,540,ぶーばーん,
468a,トゲキッス,フェアリー,ひこう,85,50,95,120,115,80,545,とげきっす,
469a,メガヤンマ,むし,ひこう,86,76,86,116,56,95,515,めがやんま,
470a,リーフィア,くさ,,65,110,130,60,65,95,525,りーふぃあ,
471a,グレイシア,こおり,,65,60,110,130,95,65,525,ぐれいしあ,
472a,グライオン,じめん,ひこう,75,95,125,45,75,95,510,ぐらいおん,
473a,マンムー,こおり,じめん,110,130,80,70,60,80,530,まんむー,
474a,ポリゴンZ,ノーマル,,85,80,70,135,75,90,535,ぽりごんｚ,
475a,エルレイド,エスパー,かくとう,68,125,65,65,115,80,518,えるれいど,
475b,メガエルレイド,エスパー,かくとう,68,165,95,65,115,110,618,めがえるれいど,
476a,ダイノーズ,いわ,はがね,60,55,145,75,150,40,525,だいのーず,
477a,ヨノワール,ゴースト,,45,100,135,65,135,45,525,よのわーる,
478a,ユキメノコ,こおり,ゴースト,70,80,70,80,70,110,480,ゆきめのこ,
479a,ロトム,でんき,ゴースト,50,50,77,95,77,91,440,ろとむ,
479b,ミトム,でんき,みず,50,65,107,105,107,86,520,みとむ,水
479c,ヒトム,でんき,ほのお,50,65,107,105,107,86,520,ひとむ,炎
479d,カットロトム,でんき,くさ,50,65,107,105,107,86,520,かっとろとむ,草
479e,スピンロトム,でんき,ひこう,50,65,107,105,107,86,520,すぴんろとむ,飛
479f,フロストロトム,でんき,こおり,50,65,107,105,107,86,520,ふろすとろとむ,氷
479g,ロトムFC,でんき,ゴースト,50,65,107,105,107,86,520,ろとむ,FC
480a,ユクシー,エスパー,,75,75,130,75,130,95,580,ゆくしー,
481a,エムリット,エスパー,,80,105,105,105,105,80,580,えむりっと,
482a,アグノム,エスパー,,75,125,70,125,70,115,580,あぐのむ,
483a,ディアルガ,はがね,ドラゴン,100,120,120,150,100,90,680,でぃあるが,
483b,ディアルガオリジン,はがね,ドラゴン,100,100,120,150,120,90,680,でぃあるが,オリジン
484a,パルキア,みず,ドラゴン,90,120,100,150,120,100,680,ぱるきあ,
484b,パルキアオリジン,みず,ドラゴン,90,100,100,150,120,120,680,ぱるきあ,オリジン
485a,ヒードラン,ほのお,はがね,91,90,106,130,106,77,600,ひーどらん,
486a,レジギガス,ノーマル,,110,160,110,80,110,100,670,れじぎがす,
487a,ギラティナ,ゴースト,ドラゴン,150,100,120,100,120,90,680,ぎらてぃな,
487b,ギラティナオリジン,ゴースト,ドラゴン,150,120,100,120,100,90,680,ぎらてぃな,オリジン
488a,クレセリア,エスパー,,120,70,110,75,120,85,580,くれせりあ,
489a,フィオネ,みず,,80,80,80,80,80,80,480,ふぃおね,
490a,マナフィ,みず,,100,100,100,100,100,100,600,まなふぃ,
491a,ダークライ,あく,,70,90,90,135,90,125,600,だーくらい,
492a,シェイミ,くさ,,100,100,100,100,100,100,600,しぇいみ,
492b,シェイミスカイ,くさ,ひこう,100,103,75,120,75,127,600,しぇいみ,スカイ
493a,アルセウス,ノーマル,,120,120,120,120,120,120,720,あるせうす,
494a,ビクティニ,エスパー,ほのお,100,100,100,100,100,100,600,びくてぃに,
495a,ツタージャ,くさ,,45,45,55,45,55,63,308,つたーじゃ,
496a,ジャノビー,くさ,,60,60,75,60,75,83,413,じゃのびー,
497a,ジャローダ,くさ,,75,75,95,75,95,113,528,じゃろーだ,
498a,ポカブ,ほのお,,65,63,45,45,45,45,308,ぽかぶ,
499a,チャオブー,ほのお,かくとう,90,93,55,70,55,55,418,ちゃおぶー,
500a,エンブオー,ほのお,かくとう,110,123,65,100,65,65,528,えんぶおー,
501a,ミジュマル,みず,,55,55,45,63,45,45,308,みじゅまる,
502a,フタチマル,みず,,75,75,60,83,60,60,413,ふたちまる,
503a,ダイケンキ,みず,,95,100,85,108,70,70,528,だいけんき,
503b,ダイケンキH,みず,あく,90,108,80,100,65,85,528,だいけんき,H
504a,ミネズミ,ノーマル,,45,55,39,35,39,42,255,みねずみ,
505a,ミルホッグ,ノーマル,,60,85,69,60,69,77,420,みるほっぐ,
506a,ヨーテリー,ノーマル,,45,60,45,25,45,55,275,よーてりー,
507a,ハーデリア,ノーマル,,65,80,65,35,65,60,370,はーでりあ,
508a,ムーランド,ノーマル,,85,110,90,45,90,80,500,むーらんど,
509a,チョロネコ,あく,,41,50,37,50,37,66,281,ちょろねこ,
510a,レパルダス,あく,,64,88,50,88,50,106,446,れぱるだす,
511a,ヤナップ,くさ,,50,53,48,53,48,64,316,やなっぷ,
512a,ヤナッキー,くさ,,75,98,63,98,63,101,498,やなっきー,
513a,バオップ,ほのお,,50,53,48,53,48,64,316,ばおっぷ,
514a,バオッキー,ほのお,,75,98,63,98,63,101,498,ばおっきー,
515a,ヒヤップ,みず,,50,53,48,53,48,64,316,ひやっぷ,
516a,ヒヤッキー,みず,,75,98,63,98,63,101,498,ひやっきー,
517a,ムンナ,エスパー,,76,25,45,67,55,24,292,むんな,
518a,ムシャーナ,エスパー,,116,55,85,107,95,29,487,むしゃーな,
519a,マメパト,ノーマル,ひこう,50,55,50,36,30,43,264,まめぱと,
520a,ハトーボー,ノーマル,ひこう,62,77,62,50,42,65,358,はとーぼー,
521a,ケンホロウ,ノーマル,ひこう,80,115,80,65,55,93,488,けんほろう,
522a,シママ,でんき,,45,60,32,50,32,76,295,しまま,
523a,ゼブライカ,でんき,,75,100,63,80,63,116,497,ぜぶらいか,
524a,ダンゴロ,いわ,,55,75,85,25,25,15,280,だんごろ,
525a,ガントル,いわ,,70,105,105,50,40,20,390,がんとる,
526a,ギガイアス,いわ,,85,135,130,60,80,25,515,ぎがいあす,
527a,コロモリ,エスパー,ひこう,65,45,43,55,43,72,323,ころもり,
528a,ココロモリ,エスパー,ひこう,67,57,55,77,55,114,425,こころもり,
529a,モグリュー,じめん,,60,85,40,30,45,68,328,もぐりゅー,
530a,ドリュウズ,じめん,はがね,110,135,60,50,65,88,508,どりゅうず,
531a,タブンネ,ノーマル,,103,60,86,60,86,50,445,たぶんね,
531b,メガタブンネ,ノーマル,フェアリー,103,60,126,80,126,50,545,めがたぶんね,
532a,ドッコラー,かくとう,,75,80,55,25,35,35,305,どっこらー,
533a,ドテッコツ,かくとう,,85,105,85,40,50,40,405,どてっこつ,
534a,ローブシン,かくとう,,105,140,95,55,65,45,505,ろーぶしん,
535a,オタマロ,みず,,50,50,40,50,40,64,294,おたまろ,
536a,ガマガル,みず,じめん,75,65,55,65,55,69,384,がまがる,
537a,ガマゲロゲ,みず,じめん,105,95,75,85,75,74,509,がまげろげ,
538a,ナゲキ,かくとう,,120,100,85,30,85,45,465,なげき,
539a,ダゲキ,かくとう,,75,125,75,30,75,85,465,だげき,
540a,クルミル,むし,くさ,45,53,70,40,60,42,310,くるみる,
541a,クルマユ,むし,くさ,55,63,90,50,80,42,380,くるまゆ,
542a,ハハコモリ,むし,くさ,75,103,80,70,80,92,500,ははこもり,
543a,フシデ,むし,どく,30,45,59,30,39,57,260,ふしで,
544a,ホイーガ,むし,どく,40,55,99,40,79,47,360,ほいーが,
545a,ペンドラー,むし,どく,60,100,89,55,69,112,485,ぺんどらー,
546a,モンメン,くさ,フェアリー,40,27,60,37,50,66,280,もんめん,
547a,エルフーン,くさ,フェアリー,60,67,85,77,75,116,480,えるふーん,
548a,チュリネ,くさ,,45,35,50,70,50,30,280,ちゅりね,
549a,ドレディア,くさ,,70,60,75,110,75,90,480,どれでぃあ,
549b,ドレディアH,くさ,かくとう,70,105,75,50,75,105,480,どれでぃあ,H
550a,バスラオ,みず,,70,92,65,80,55,98,460,ばすらお,赤
550b,バスラオ青,みず,,70,92,65,80,55,98,460,ばすらお,青
550c,バスラオ白,みず,,70,92,65,80,55,98,460,ばすらお,白
551a,メグロコ,じめん,あく,50,72,35,35,35,65,292,めぐろこ,
552a,ワルビル,じめん,あく,60,82,45,45,45,74,351,わるびる,
553a,ワルビアル,じめん,あく,95,117,80,65,70,92,519,わるびある,
554a,ダルマッカ,ほのお,,70,90,45,15,45,50,315,だるまっか,
554b,ダルマッカG,こおり,,70,90,45,15,45,50,315,だるまっか,G
555a,ヒヒダルマ,ほのお,,105,140,55,30,55,95,480,ひひだるま,
555b,ヒヒダルマG,こおり,,105,140,55,30,55,95,480,ひひだるま,G
555c,ヒヒダルマだるま,ほのお,エスパー,105,30,105,140,105,55,540,ひひだるま,だるま
555d,ヒヒダルマGだるま,こおり,ほのお,105,160,55,30,55,135,540,ひひだるま,Gだるま
556a,マラカッチ,くさ,,75,86,67,106,67,60,461,まらかっち,
557a,イシズマイ,むし,いわ,50,65,85,35,35,55,325,いしずまい,
558a,イワパレス,むし,いわ,70,105,125,65,75,45,485,いわぱれす,
559a,ズルッグ,あく,かくとう,50,75,70,35,70,48,348,ずるっぐ,
560a,ズルズキン,あく,かくとう,65,90,115,45,115,58,488,ずるずきん,
561a,シンボラー,エスパー,ひこう,72,58,80,103,80,97,490,しんぼらー,
562a,デスマス,ゴースト,,38,30,85,55,65,30,303,ですます,
562b,デスマスG,じめん,ゴースト,38,55,85,30,65,30,303,ですます,G
563a,デスカーン,ゴースト,,58,50,145,95,105,30,483,ですかーん,
564a,プロトーガ,みず,いわ,54,78,103,53,45,22,355,ぷろとーが,
565a,アバゴーラ,みず,いわ,74,108,133,83,65,32,495,あばごーら,
566a,アーケン,いわ,ひこう,55,112,45,74,45,70,401,あーけん,
567a,アーケオス,いわ,ひこう,75,140,65,112,65,110,567,あーけおす,
568a,ヤブクロン,どく,,50,50,62,40,62,65,329,やぶくろん,
569a,ダストダス,どく,,80,95,82,60,82,75,474,だすとだす,
569b,ダストダスGM,どく,,80,95,82,60,82,75,474,だすとだす,GM
570a,ゾロア,あく,,40,65,40,80,40,65,330,ぞろあ,
570b,ゾロアH,ノーマル,ゴースト,35,60,40,85,40,70,330,ぞろあ,H
571a,ゾロアーク,あく,,60,105,60,120,60,105,510,ぞろあーく,
571b,ゾロアークH,ノーマル,ゴースト,55,100,60,125,60,110,510,ぞろあーく,H
572a,チラーミィ,ノーマル,,55,50,40,40,40,75,300,ちらーみぃ,
573a,チラチーノ,ノーマル,,75,95,60,65,60,115,470,ちらちーの,
574a,ゴチム,エスパー,,45,30,50,55,65,45,290,ごちむ,
575a,ゴチミル,エスパー,,60,45,70,75,85,55,390,ごちみる,
576a,ゴチルゼル,エスパー,,70,55,95,95,110,65,490,ごちるぜる,
577a,ユニラン,エスパー,,45,30,40,105,50,20,290,ゆにらん,
578a,ダブラン,エスパー,,65,40,50,125,60,30,370,だぶらん,
579a,ランクルス,エスパー,,110,65,75,125,85,30,490,らんくるす,
580a,コアルヒー,みず,ひこう,62,44,50,44,50,55,305,こあるひー,
581a,スワンナ,みず,ひこう,75,87,63,87,63,98,473,すわんな,
582a,バニプッチ,こおり,,36,50,50,65,60,44,305,ばにぷっち,
583a,バニリッチ,こおり,,51,65,65,80,75,59,395,ばにりっち,
584a,バイバニラ,こおり,,71,95,85,110,95,79,535,ばいばにら,
585a,シキジカ,ノーマル,むし,60,60,50,40,50,75,335,しきじか,
586a,メブキジカ,ノーマル,むし,80,100,70,60,70,95,475,めぶきじか,
587a,エモンガ,でんき,ひこう,55,75,60,75,60,103,428,えもんが,
588a,カブルモ,むし,,50,75,45,40,45,60,315,かぶるも,
589a,シュバルゴ,むし,はがね,70,135,105,60,105,20,495,しゅばるご,
590a,タマゲタケ,くさ,どく,69,55,45,55,55,15,294,たまげたけ,
591a,モロバレル,くさ,どく,114,85,70,85,80,30,464,もろばれる,
592a,プルリル,みず,ゴースト,55,40,50,65,85,40,335,ぷるりる,
593a,ブルンゲル,みず,ゴースト,100,60,70,85,105,60,480,ぶるんげる,
594a,ママンボウ,みず,,165,75,80,40,45,65,470,ままんぼう,
595a,バチュル,むし,でんき,50,47,50,57,50,65,319,ばちゅる,
596a,デンチュラ,むし,でんき,70,77,60,97,60,108,472,でんちゅら,
597a,テッシード,くさ,はがね,44,50,91,24,86,10,305,てっしーど,
598a,ナットレイ,くさ,はがね,74,94,131,54,116,20,489,なっとれい,
599a,ギアル,はがね,,40,55,70,45,60,30,300,ぎある,
600a,ギギアル,はがね,,60,80,95,70,85,50,440,ぎぎある,
601a,ギギギアル,はがね,,60,100,115,70,85,90,520,ぎぎぎある,
602a,シビシラス,でんき,,35,55,40,45,40,60,275,しびしらす,
603a,シビビール,でんき,,65,85,70,75,70,40,405,しびびーる,
604a,シビルドン,でんき,,85,115,80,105,80,50,515,しびるどん,
605a,リグレー,エスパー,,55,55,55,85,55,30,335,りぐれー,
606a,オーベム,エスパー,,75,75,75,125,95,40,485,おーべむ,
607a,ヒトモシ,ゴースト,ほのお,50,30,55,65,55,20,275,ひともし,
608a,ランプラー,ゴースト,ほのお,60,40,60,95,60,55,370,らんぷらー,
609a,シャンデラ,ゴースト,ほのお,60,55,90,145,90,80,520,しゃんでら,
610a,キバゴ,ドラゴン,,46,87,60,30,40,57,320,きばご,
611a,オノンド,ドラゴン,,66,117,70,40,50,67,410,おのんど,
612a,オノノクス,ドラゴン,,76,147,90,60,70,97,540,おののくす,
613a,クマシュン,こおり,,55,70,40,60,40,40,305,くましゅん,
614a,ツンベアー,こおり,,95,130,80,70,80,50,505,つんべあー,
615a,フリージオ,こおり,,80,50,50,95,135,105,515,ふりーじお,
616a,チョボマキ,むし,,50,40,85,40,65,25,305,ちょぼまき,
617a,アギルダー,むし,,80,70,40,100,60,145,495,あぎるだー,
618a,マッギョ,じめん,でんき,109,66,84,81,99,32,471,まっぎょ,
618b,マッギョG,じめん,はがね,109,81,99,66,84,32,471,まっぎょ,G
619a,コジョフー,かくとう,,45,85,50,55,50,65,350,こじょふー,
620a,コジョンド,かくとう,,65,125,60,95,60,105,510,こじょんど,
621a,クリムガン,ドラゴン,,77,120,90,60,90,48,485,くりむがん,
622a,ゴビット,じめん,ゴースト,59,74,50,35,50,35,303,ごびっと,
623a,ゴルーグ,じめん,ゴースト,89,124,80,55,80,55,483,ごるーぐ,
624a,コマタナ,あく,はがね,45,85,70,40,40,60,340,こまたな,
625a,キリキザン,あく,はがね,65,125,100,60,70,70,490,きりきざん,
626a,バッフロン,ノーマル,,95,110,95,40,95,55,490,ばっふろん,
627a,ワシボン,ノーマル,ひこう,70,83,50,37,50,60,350,わしぼん,
628a,ウォーグル,ノーマル,ひこう,100,123,75,57,75,80,510,うぉーぐる,
628b,ウォーグルH,エスパー,ひこう,100,83,70,112,70,65,510,うぉーぐる,H
629a,バルチャイ,あく,ひこう,70,55,75,45,65,60,370,ばるちゃい,
630a,バルジーナ,あく,ひこう,110,65,105,55,95,80,510,ばるじーな,
631a,クイタラン,ほのお,,85,97,66,105,66,65,484,くいたらん,
632a,アイアント,むし,はがね,58,109,112,48,48,109,484,あいあんと,
633a,モノズ,あく,ドラゴン,52,65,50,45,50,38,300,ものず,
634a,ジヘッド,あく,ドラゴン,72,85,70,65,70,58,420,じへっど,
635a,サザンドラ,あく,ドラゴン,92,105,90,125,90,98,600,さざんどら,
636a,メラルバ,むし,ほのお,55,85,55,50,55,60,360,めらるば,
637a,ウルガモス,むし,ほのお,85,60,65,135,105,100,550,うるがもす,
638a,コバルオン,はがね,かくとう,91,90,129,90,72,108,580,こばるおん,
639a,テラキオン,いわ,かくとう,91,129,90,72,90,108,580,てらきおん,
640a,ビリジオン,くさ,かくとう,91,90,72,90,129,108,580,びりじおん,
641a,トルネロス,ひこう,,79,115,70,125,80,111,580,とるねろす,化身
641b,トルネロス霊獣,ひこう,,79,100,80,110,90,121,580,とるねろす,霊獣
642a,ボルトロス,でんき,ひこう,79,115,70,125,80,111,580,ぼるとろす,化身
642b,ボルトロス霊獣,でんき,ひこう,79,105,70,145,80,101,580,ぼるとろす,霊獣
643a,レシラム,ドラゴン,ほのお,100,120,100,150,120,90,680,れしらむ,
644a,ゼクロム,ドラゴン,でんき,100,150,120,120,100,90,680,ぜくろむ,
645a,ランドロス,じめん,ひこう,89,125,90,115,80,101,600,らんどろす,化身
645b,ランドロス霊獣,じめん,ひこう,89,145,90,105,80,91,600,らんどろす,霊獣
646a,キュレム,ドラゴン,こおり,125,130,90,130,90,95,660,きゅれむ,
646b,キュレムW,ドラゴン,こおり,125,170,100,120,90,95,700,きゅれむ,W
646c,キュレムB,ドラゴン,こおり,125,120,90,170,100,95,700,きゅれむ,B
647a,ケルディオ,みず,かくとう,91,72,90,129,90,108,580,けるでぃお,
647b,ケルディオ覚悟,みず,かくとう,91,72,90,129,90,108,580,けるでぃお,覚悟
648a,メロエッタ,ノーマル,エスパー,100,77,77,128,128,90,600,めろえった,ボイス
648b,メロエッタステップ,ノーマル,かくとう,100,128,90,77,77,128,600,めろえった,ステップ
649a,ゲノセクト,むし,はがね,71,120,95,120,95,99,600,げのせくと,
650a,ハリマロン,くさ,,56,61,65,48,45,38,313,はりまろん,
651a,ハリボーグ,くさ,,61,78,95,56,58,57,405,はりぼーぐ,
652a,ブリガロン,くさ,かくとう,88,107,122,74,75,64,530,ぶりがろん,
653a,フォッコ,ほのお,,40,45,40,62,60,60,307,ふぉっこ,
654a,テールナー,ほのお,,59,59,58,90,70,73,409,てーるなー,
655a,マフォクシー,ほのお,エスパー,75,69,72,114,100,104,534,まふぉくしー,
656a,ケロマツ,みず,,41,56,40,62,44,71,314,けろまつ,
657a,ゲコガシラ,みず,,54,63,52,83,56,97,405,げこがしら,
658a,ゲッコウガ,みず,あく,72,95,67,103,71,122,530,げっこうが,
659a,ホルビー,ノーマル,,38,36,38,32,36,57,237,ほるびー,
660a,ホルード,ノーマル,じめん,85,56,77,50,77,78,423,ほるーど,
661a,ヤヤコマ,ノーマル,ひこう,45,50,43,40,38,62,278,ややこま,
662a,ヒノヤコマ,ほのお,ひこう,62,73,55,56,52,84,382,ひのやこま,
663a,ファイアロー,ほのお,ひこう,78,81,71,74,69,126,499,ふぁいあろー,
664a,コフキムシ,むし,,38,35,40,27,25,35,200,こふきむし,
665a,コフーライ,むし,,45,22,60,27,30,29,213,こふーらい,
666a,ビビヨン,むし,ひこう,80,52,50,90,50,89,411,びびよん,
667a,シシコ,ほのお,ノーマル,62,50,58,73,54,72,369,ししこ,
668a,カエンジシ,ほのお,ノーマル,86,68,72,109,66,106,507,かえんじし,
669a,フラベベ,フェアリー,,44,38,39,61,79,42,303,ふらべべ,
670a,フラエッテ,フェアリー,,54,45,47,75,98,52,371,ふらえって,
671a,フラージェス,フェアリー,,78,65,68,112,154,75,552,ふらーじぇす,
672a,メェークル,くさ,,66,65,48,62,57,52,350,めぇーくる,
673a,ゴーゴート,くさ,,123,100,62,97,81,68,531,ごーごーと,
674a,ヤンチャム,かくとう,,67,82,62,46,48,43,348,やんちゃむ,
675a,ゴロンダ,かくとう,あく,95,124,78,69,71,58,495,ごろんだ,
676a,トリミアン,ノーマル,,75,80,60,65,90,102,472,とりみあん,
677a,ニャスパー,エスパー,,62,48,54,63,60,68,355,にゃすぱー,
678a,ニャオニクス,エスパー,,74,48,76,83,81,104,466,にゃおにくす,♂
678b,ニャオニクス♀,エスパー,,74,48,76,83,81,104,466,にゃおにくす,♀
679a,ヒトツキ,はがね,ゴースト,45,80,100,35,37,28,325,ひとつき,
680a,ニダンギル,はがね,ゴースト,59,110,150,45,49,35,448,にだんぎる,
681a,ギルガルド,はがね,ゴースト,60,50,140,50,140,60,520,ぎるがるど,盾
681b,ギルガルド剣,はがね,ゴースト,60,140,50,140,50,60,520,ぎるがるど,剣
682a,シュシュプ,フェアリー,,78,52,60,63,65,23,341,しゅしゅぷ,
683a,フレフワン,フェアリー,,101,72,72,99,89,29,462,ふれふわん,
684a,ペロッパフ,フェアリー,,62,48,66,59,57,49,341,ぺろっぱふ,
685a,ペロリーム,フェアリー,,82,80,86,85,75,72,480,ぺろりーむ,
686a,マーイーカ,あく,エスパー,53,54,53,37,46,45,288,まーいーか,
687a,カラマネロ,あく,エスパー,86,92,88,68,75,73,482,からまねろ,
688a,カメテテ,いわ,みず,42,52,67,39,56,50,306,かめてて,
689a,ガメノデス,いわ,みず,72,105,115,54,86,68,500,がめのです,
690a,クズモー,どく,みず,50,60,60,60,60,30,320,くずもー,
691a,ドラミドロ,どく,ドラゴン,65,75,90,97,123,44,494,どらみどろ,
692a,ウデッポウ,みず,,50,53,62,58,63,44,330,うでっぽう,
693a,ブロスター,みず,,71,73,88,120,89,59,500,ぶろすたー,
694a,エリキテル,でんき,ノーマル,44,38,33,61,43,70,289,えりきてる,
695a,エレザード,でんき,ノーマル,62,55,52,109,94,109,481,えれざーど,
696a,チゴラス,いわ,ドラゴン,58,89,77,45,45,48,362,ちごらす,
697a,ガチゴラス,いわ,ドラゴン,82,121,119,69,59,71,521,がちごらす,
698a,アマルス,いわ,こおり,77,59,50,67,63,46,362,あまるす,
699a,アマルルガ,いわ,こおり,123,77,72,99,92,58,521,あまるるが,
700a,ニンフィア,フェアリー,,95,65,65,110,130,60,525,にんふぃあ,
701a,ルチャブル,かくとう,ひこう,78,92,75,74,63,118,500,るちゃぶる,
702a,デデンネ,でんき,フェアリー,67,58,57,81,67,101,431,ででんね,
703a,メレシー,いわ,フェアリー,50,50,150,50,150,50,500,めれしー,
704a,ヌメラ,ドラゴン,,45,50,35,55,75,40,300,ぬめら,
705a,ヌメイル,ドラゴン,,68,75,53,83,113,60,452,ぬめいる,
705b,ヌメイルH,はがね,ドラゴン,58,75,83,83,113,40,452,ぬめいる,H
706a,ヌメルゴン,ドラゴン,,90,100,70,110,150,80,600,ぬめるごん,
706b,ヌメルゴンH,はがね,ドラゴン,80,100,100,110,150,60,600,ぬめるごん,H
707a,クレッフィ,はがね,フェアリー,57,80,91,80,87,75,470,くれっふぃ,
708a,ボクレー,ゴースト,くさ,43,70,48,50,60,38,309,ぼくれー,
709a,オーロット,ゴースト,くさ,85,110,76,65,82,56,474,おーろっと,
710a,バケッチャ,ゴースト,くさ,49,66,70,44,55,51,335,ばけっちゃ,普通
710b,バケッチャ大,ゴースト,くさ,54,66,70,44,55,46,335,ばけっちゃ,大
710c,バケッチャ特大,ゴースト,くさ,59,66,70,44,55,41,335,ばけっちゃ,特大
710d,バケッチャ小,ゴースト,くさ,44,66,70,44,55,56,335,ばけっちゃ,小
711a,パンプジン,ゴースト,くさ,65,90,122,58,75,84,494,ぱんぷじん,普通
711b,パンプジン大,ゴースト,くさ,75,95,122,58,75,69,494,ぱんぷじん,大
711c,パンプジン特大,ゴースト,くさ,85,100,122,58,75,54,494,ぱんぷじん,特大
711d,パンプジン小,ゴースト,くさ,55,85,122,58,75,99,494,ぱんぷじん,小
712a,カチコール,こおり,,55,69,85,32,35,28,304,かちこーる,
713a,クレベース,こおり,,95,117,184,44,46,28,514,くれべーす,
713b,クレベースH,こおり,いわ,95,127,184,34,36,38,514,くれべーす,H
714a,オンバット,ひこう,ドラゴン,40,30,35,45,40,55,245,おんばっと,
715a,オンバーン,ひこう,ドラゴン,85,70,80,97,80,123,535,おんばーん,
716a,ゼルネアス,フェアリー,,126,131,95,131,98,99,680,ぜるねあす,
717a,イベルタル,あく,ひこう,126,131,95,131,98,99,680,いべるたる,
718a,ジガルデ,ドラゴン,じめん,108,100,121,81,95,95,600,じがるで,50%
718b,ジガルデ10%,ドラゴン,じめん,54,100,71,61,85,115,486,じがるで,10%
718c,ジガルデパーフェクト,ドラゴン,じめん,216,100,121,91,95,85,708,じがるで,パーフェクト
719a,ディアンシー,いわ,フェアリー,50,100,150,100,150,50,600,でぃあんしー,
719b,メガディアンシー,いわ,フェアリー,50,160,110,160,110,110,700,めがでぃあんしー,
720a,フーパ,エスパー,ゴースト,80,110,60,150,130,70,600,ふーぱ,戒め
720b,フーパ解放,エスパー,あく,80,160,60,170,130,80,680,ふーぱ,解放
721a,ボルケニオン,ほのお,みず,80,110,120,130,90,70,600,ぼるけにおん,
722a,モクロー,くさ,ひこう,68,55,55,50,50,42,320,もくろー,
723a,フクスロー,くさ,ひこう,78,75,75,70,70,52,420,ふくすろー,
724a,ジュナイパー,くさ,ゴースト,78,107,75,100,100,70,530,じゅないぱー,
724b,ジュナイパーH,くさ,かくとう,88,112,80,95,95,60,530,じゅないぱー,H
725a,ニャビー,ほのお,,45,65,40,60,40,70,320,にゃびー,
726a,ニャヒート,ほのお,,65,85,50,80,50,90,420,にゃひーと,
727a,ガオガエン,ほのお,あく,95,115,90,80,90,60,530,がおがえん,
728a,アシマリ,みず,,50,54,54,66,56,40,320,あしまり,
729a,オシャマリ,みず,,60,69,69,91,81,50,420,おしゃまり,
730a,アシレーヌ,みず,フェアリー,80,74,74,126,116,60,530,あしれーぬ,
731a,ツツケラ,ノーマル,ひこう,35,75,30,30,30,65,265,つつけら,
732a,ケララッパ,ノーマル,ひこう,55,85,50,40,50,75,355,けららっぱ,
733a,ドデカバシ,ノーマル,ひこう,80,120,75,75,75,60,485,どでかばし,
734a,ヤングース,ノーマル,,48,70,30,30,30,45,253,やんぐーす,
735a,デカグース,ノーマル,,88,110,60,55,60,45,418,でかぐーす,
736a,アゴジムシ,むし,,47,62,45,55,45,46,300,あごじむし,
737a,デンヂムシ,むし,でんき,57,82,95,55,75,36,400,でんぢむし,
738a,クワガノン,むし,でんき,77,70,90,145,75,43,500,くわがのん,
739a,マケンカニ,かくとう,,47,82,57,42,47,63,338,まけんかに,
740a,ケケンカニ,かくとう,こおり,97,132,77,62,67,43,478,けけんかに,
741a,オドリドリ,ほのお,ひこう,75,70,70,98,70,93,476,おどりどり,炎
741b,オドリドリ雷,でんき,ひこう,75,70,70,98,70,93,476,おどりどり,雷
741c,オドリドリ超,エスパー,ひこう,75,70,70,98,70,93,476,おどりどり,超
741d,オドリドリ霊,ゴースト,ひこう,75,70,70,98,70,93,476,おどりどり,霊
742a,アブリー,むし,フェアリー,40,45,40,55,40,84,304,あぶりー,
743a,アブリボン,むし,フェアリー,60,55,60,95,70,124,464,あぶりぼん,
744a,イワンコ,いわ,,45,65,40,30,40,60,280,いわんこ,
745a,ルガルガン,いわ,,75,115,65,55,65,112,487,るがるがん,昼
745b,ルガルガン夜,いわ,,85,115,75,55,75,82,487,るがるがん,夜
745c,ルガルガン黄昏,いわ,,75,117,65,55,65,110,487,るがるがん,黄昏
746a,ヨワシ,みず,,45,20,20,25,25,40,175,よわし,単独
746b,ヨワシ群,水,,45,140,130,140,135,30,620,よわし,群
747a,ヒドイデ,どく,みず,50,53,62,43,52,45,305,ひどいで,
748a,ドヒドイデ,どく,みず,50,63,152,53,142,35,495,どひどいで,
749a,ドロバンコ,じめん,,70,100,70,45,55,45,385,どろばんこ,
750a,バンバドロ,じめん,,100,125,100,55,85,35,500,ばんばどろ,
751a,シズクモ,みず,むし,38,40,52,40,72,27,269,しずくも,
752a,オニシズクモ,みず,むし,68,70,92,50,132,42,454,おにしずくも,
753a,カリキリ,くさ,,40,55,35,50,35,35,250,かりきり,
754a,ラランテス,くさ,,70,105,90,80,90,45,480,ららんてす,
755a,ネマシュ,くさ,フェアリー,40,35,55,65,75,15,285,ねましゅ,
756a,マシェード,くさ,フェアリー,60,45,80,90,100,30,405,ましぇーど,
757a,ヤトウモリ,どく,ほのお,48,44,40,71,40,77,320,やとうもり,
758a,エンニュート,どく,ほのお,68,64,60,111,60,117,480,えんにゅーと,
759a,ヌイコグマ,ノーマル,かくとう,70,75,50,45,50,50,340,ぬいこぐま,
760a,キテルグマ,ノーマル,かくとう,120,125,80,55,60,60,500,きてるぐま,
761a,アマカジ,くさ,,42,30,38,30,38,32,210,あまかじ,
762a,アママイコ,くさ,,52,40,48,40,48,62,290,あままいこ,
763a,アマージョ,くさ,,72,120,98,50,98,72,510,あまーじょ,
764a,キュワワー,フェアリー,,51,52,90,82,110,100,485,きゅわわー,
765a,ヤレユータン,ノーマル,エスパー,90,60,80,90,110,60,490,やれゆーたん,
766a,ナゲツケサル,かくとう,,100,120,90,40,60,80,490,なげつけさる,
767a,コソクムシ,むし,みず,25,35,40,20,30,80,230,こそくむし,
768a,グソクムシャ,むし,みず,75,125,140,60,90,40,530,ぐそくむしゃ,
769a,スナバァ,ゴースト,じめん,55,55,80,70,45,15,320,すなばぁ,
770a,シロデスナ,ゴースト,じめん,85,75,110,100,75,35,480,しろですな,
771a,ナマコブシ,みず,,55,60,130,30,130,5,410,なまこぶし,
772a,タイプ：ヌル,ノーマル,,95,95,95,95,95,59,534,たいぷぬる,
773a,シルヴァディ,ノーマル,,95,95,95,95,95,95,570,しるヴぁでぃ,
774a,メテノ,いわ,ひこう,60,100,60,100,60,120,500,めての,核
774b,メテノ流星,いわ,ひこう,60,60,100,60,100,60,440,めての,流星
775a,ネッコアラ,ノーマル,,65,115,65,75,95,65,480,ねっこあら,
776a,バクガメス,ほのお,ドラゴン,60,78,135,91,85,36,485,ばくがめす,
777a,トゲデマル,でんき,はがね,65,98,63,40,73,96,435,とげでまる,
778a,ミミッキュ,ゴースト,フェアリー,55,90,80,50,105,96,476,みみっきゅ,
779a,ハギギシリ,みず,エスパー,68,105,70,70,70,92,475,はぎぎしり,
780a,ジジーロン,ノーマル,ドラゴン,78,60,85,135,91,36,485,じじーろん,
781a,ダダリン,ゴースト,くさ,70,131,100,86,90,40,517,だだりん,
782a,ジャラコ,ドラゴン,,45,55,65,45,45,45,300,じゃらこ,
783a,ジャランゴ,ドラゴン,かくとう,55,75,90,65,70,65,420,じゃらんご,
784a,ジャラランガ,ドラゴン,かくとう,75,110,125,100,105,85,600,じゃららんが,
785a,カプ・コケコ,でんき,フェアリー,70,115,85,95,75,130,570,かぷこけこ,
786a,カプ・テテフ,エスパー,フェアリー,70,85,75,130,115,95,570,かぷててふ,
787a,カプ・ブルル,くさ,フェアリー,70,130,115,85,95,75,570,かぷぶるる,
788a,カプ・レヒレ,みず,フェアリー,70,75,115,95,130,85,570,かぷれひれ,
789a,コスモッグ,エスパー,,43,29,31,29,31,37,200,こすもっぐ,
790a,コスモウム,エスパー,,43,29,131,29,131,37,400,こすもうむ,
791a,ソルガレオ,エスパー,はがね,137,137,107,113,89,97,680,そるがれお,
792a,ルナアーラ,エスパー,ゴースト,137,113,89,137,107,97,680,るなあーら,
793a,ウツロイド,いわ,どく,109,53,47,127,131,103,570,うつろいど,
794a,マッシブーン,むし,かくとう,107,139,139,53,53,79,570,まっしぶーん,
795a,フェローチェ,むし,かくとう,71,137,37,137,37,151,570,ふぇろーちぇ,
796a,デンジュモク,でんき,,83,89,71,173,71,83,570,でんじゅもく,
797a,テッカグヤ,はがね,ひこう,97,101,103,107,101,61,570,てっかぐや,
798a,カミツルギ,くさ,はがね,59,181,131,59,31,109,570,かみつるぎ,
799a,アクジキング,あく,ドラゴン,223,101,53,97,53,43,570,あくじきんぐ,
800a,ネクロズマ,エスパー,,97,107,101,127,89,79,600,ねくろずま,
800b,ネクロズマ日食,エスパー,はがね,97,157,127,113,109,77,680,ねくろずま,日食
800c,ネクロズマ月食,エスパー,ゴースト,97,113,109,157,127,77,680,ねくろずま,月食
800d,ウルトラネクロズマ,エスパー,ドラゴン,97,167,97,167,97,129,754,ねくろずま,ウルトラ
801a,マギアナ,はがね,フェアリー,80,95,115,130,115,65,600,まぎあな,
802a,マーシャドー,かくとう,ゴースト,90,125,80,90,90,125,600,まーしゃどー,
803a,ベベノム,どく,,67,73,67,73,67,73,420,べべのむ,
804a,アーゴヨン,どく,ドラゴン,73,73,73,127,73,121,540,あーごよん,
805a,ツンデツンデ,いわ,はがね,61,131,211,53,101,13,570,つんでつんで,
806a,ズガドーン,ほのお,ゴースト,53,127,53,151,79,107,570,ずがどーん,
807a,ゼラオラ,でんき,,88,112,75,102,80,143,600,ぜらおら,
808a,メルタン,はがね,,46,65,65,55,35,34,300,めるたん,
809a,メルメタル,はがね,,135,143,143,80,65,34,600,めるめたる,
809b,メルメタルGM,はがね,,135,143,143,80,65,34,600,めるめたる,GM
810a,サルノリ,くさ,,50,65,50,40,40,65,310,さるのり,
811a,バチンキー,くさ,,70,85,70,55,60,80,420,ばちんきー,
812a,ゴリランダー,くさ,,100,125,90,60,70,85,530,ごりらんだー,
812b,ゴリランダーGM,くさ,,100,125,90,60,70,85,530,ごりらんだー,GM
813a,ヒバニー,ほのお,,50,71,40,40,40,69,310,ひばにー,
814a,ラビフット,ほのお,,65,86,60,55,60,94,420,らびふっと,
815a,エースバーン,ほのお,,80,116,75,65,75,119,530,えーすばーん,
815b,エースバーンGM,ほのお,,80,116,75,65,75,119,530,えーすばーん,GM
816a,メッソン,みず,,50,40,40,70,40,70,310,めっそん,
817a,ジメレオン,みず,,65,60,55,95,55,90,420,じめれおん,
818a,インテレオン,みず,,70,85,65,125,65,120,530,いんてれおん,
818b,インテレオンGM,みず,,70,85,65,125,65,120,530,いんてれおん,GM
819a,ホシガリス,ノーマル,,70,55,55,35,35,25,275,ほしがりす,
820a,ヨクバリス,ノーマル,,120,95,95,55,75,20,460,よくばりす,
821a,ココガラ,ひこう,,38,47,35,33,35,57,245,ここがら,
822a,アオガラス,ひこう,,68,67,55,43,55,77,365,あおがらす,
823a,アーマーガア,ひこう,はがね,98,87,105,53,85,67,495,あーまーがあ,
823b,アーマーガアGM,ひこう,はがね,98,87,105,53,85,67,495,あーまーがあ,GM
824a,サッチムシ,むし,,25,20,20,25,45,45,180,さっちむし,
825a,レドームシ,むし,エスパー,50,35,80,50,90,30,335,れどーむし,
826a,イオルブ,むし,エスパー,60,45,110,80,120,90,505,いおるぶ,
826b,イオルブGM,むし,エスパー,60,45,110,80,120,90,505,いおるぶ,GM
827a,クスネ,あく,,40,28,28,47,52,50,245,くすね,
828a,フォクスライ,あく,,70,58,58,87,92,90,455,ふぉくすらい,
829a,ヒメンカ,くさ,,40,40,60,40,60,10,250,ひめんか,
830a,ワタシラガ,くさ,,60,50,90,80,120,60,460,わたしらが,
831a,ウールー,ノーマル,,42,40,55,40,45,48,270,うーるー,
832a,バイウールー,ノーマル,,72,80,100,60,90,88,490,ばいうーるー,
833a,カムカメ,みず,,50,64,50,38,38,44,284,かむかめ,
834a,カジリガメ,みず,いわ,90,115,90,48,68,74,485,かじりがめ,
834b,カジリガメGM,みず,いわ,90,115,90,48,68,74,485,かじりがめ,GM
835a,ワンパチ,でんき,,59,45,50,40,50,26,270,わんぱち,
836a,パルスワン,でんき,,69,90,60,90,60,121,490,ぱるすわん,
837a,タンドン,いわ,,30,40,50,40,50,30,240,たんどん,
838a,トロッゴン,いわ,ほのお,80,60,90,60,70,50,410,とろっごん,
839a,セキタンザン,いわ,ほのお,110,80,120,80,90,30,510,せきたんざん,
839b,セキタンザンGM,いわ,ほのお,110,80,120,80,90,30,510,せきたんざん,GM
840a,カジッチュ,くさ,ドラゴン,40,40,80,40,40,20,260,かじっちゅ,
841a,アップリュー,くさ,ドラゴン,70,110,80,95,60,70,485,あっぷりゅー,
841b,アップリューGM,くさ,ドラゴン,70,110,80,95,60,70,485,あっぷりゅー,GM
842a,タルップル,くさ,ドラゴン,110,85,80,100,80,30,485,たるっぷる,
842b,タルップルGM,くさ,ドラゴン,110,85,80,100,80,30,485,たるっぷる,GM
843a,スナヘビ,じめん,,52,57,75,35,50,46,315,すなへび,
844a,サダイジャ,じめん,,72,107,125,65,70,71,510,さだいじゃ,
844b,サダイジャGM,じめん,,72,107,125,65,70,71,510,さだいじゃ,GM
845a,ウッウ,ひこう,みず,70,85,55,85,95,85,475,うっう,
846a,サシカマス,みず,,41,63,40,40,30,66,280,さしかます,
847a,カマスジョー,みず,,61,123,60,60,50,136,490,かますじょー,
848a,エレズン,でんき,どく,40,38,35,54,35,40,242,えれずん,
849a,ストリンダー,でんき,どく,75,98,70,114,70,75,502,すとりんだー,ハイ
849b,ストリンダーロー,でんき,どく,75,98,70,114,70,75,502,すとりんだー,ロー
849c,ストリンダーGM,でんき,どく,75,98,70,114,70,75,502,すとりんだー,GM
850a,ヤクデ,ほのお,むし,50,65,45,50,50,45,305,やくで,
851a,マルヤクデ,ほのお,むし,100,115,65,90,90,65,525,まるやくで,
851b,マルヤクデGM,ほのお,むし,100,115,65,90,90,65,525,まるやくで,GM
852a,タタッコ,かくとう,,50,68,60,50,50,32,310,たたっこ,
853a,オトスパス,かくとう,,80,118,90,70,80,42,480,おとすぱす,
854a,ヤバチャ,ゴースト,,40,45,45,74,54,50,308,やばちゃ,
855a,ポットデス,ゴースト,,67,65,65,134,114,70,508,ぽっとです,
856a,ミブリム,エスパー,,42,30,45,56,53,39,265,みぶりむ,
857a,テブリム,エスパー,,57,40,65,86,73,49,370,てぶりむ,
858a,ブリムオン,エスパー,フェアリー,57,90,95,136,103,29,510,ぶりむおん,
858b,ブリムオンGM,エスパー,フェアリー,57,90,95,136,103,29,510,ぶりむおん,GM
859a,ベロバー,あく,フェアリー,45,45,30,55,40,50,265,べろばー,
860a,ギモー,あく,フェアリー,65,60,45,75,55,70,370,ぎもー,
861a,オーロンゲ,あく,フェアリー,95,120,65,95,75,60,510,おーろんげ,
861b,オーロンゲGM,あく,フェアリー,95,120,65,95,75,60,510,おーろんげ,GM
862a,タチフサグマ,あく,ノーマル,93,90,101,60,81,95,520,たちふさぐま,
863a,ニャイキング,はがね,,70,110,100,50,60,50,440,にゃいきんぐ,
864a,サニゴーン,ゴースト,,60,95,50,145,130,30,510,さにごーん,
865a,ネギガナイト,かくとう,,62,135,95,68,82,65,507,ねぎがないと,
866a,バリコオル,こおり,エスパー,80,85,75,110,100,70,520,ばりこおる,
867a,デスバーン,じめん,ゴースト,58,95,145,50,105,30,483,ですばーん,
868a,マホミル,フェアリー,,45,40,40,50,61,34,270,まほみる,
869a,マホイップ,フェアリー,,65,60,75,110,121,64,495,まほいっぷ,
869b,マホイップGM,フェアリー,,65,60,75,110,121,64,495,まほいっぷ,GM
870a,タイレーツ,かくとう,,65,100,100,70,60,75,470,たいれーつ,
871a,バチンウニ,でんき,,48,101,95,91,85,15,435,ばちんうに,
872a,ユキハミ,こおり,むし,30,25,35,45,30,20,185,ゆきはみ,
873a,モスノウ,こおり,むし,70,65,60,125,90,65,475,もすのう,
874a,イシヘンジン,いわ,,100,125,135,20,20,70,470,いしへんじん,
875a,コオリッポ,こおり,,75,80,110,65,90,50,470,こおりっぽ,
876a,イエッサン,エスパー,ノーマル,60,65,55,105,95,95,475,いえっさん,♂
876b,イエッサン♀,エスパー,ノーマル,70,55,65,95,105,85,475,いえっさん,♀
877a,モルペコ,でんき,あく,58,95,58,70,58,97,436,もるぺこ,
878a,ゾウドウ,はがね,,72,80,49,40,49,40,330,ぞうどう,
879a,ダイオウドウ,はがね,,122,130,69,80,69,30,500,だいおうどう,
879b,ダイオウドウGM,はがね,,122,130,69,80,69,30,500,だいおうどう,GM
880a,パッチラゴン,でんき,ドラゴン,90,100,90,80,70,75,505,ぱっちらごん,
881a,パッチルドン,でんき,こおり,90,100,90,90,80,55,505,ぱっちるどん,
882a,ウオノラゴン,みず,ドラゴン,90,90,100,70,80,75,505,うおのらごん,
883a,ウオチルドン,みず,こおり,90,90,100,80,90,55,505,うおちるどん,
884a,ジュラルドン,はがね,ドラゴン,70,95,115,120,50,85,535,じゅらるどん,
884b,ジュラルドンGM,はがね,ドラゴン,70,95,115,120,50,85,535,じゅらるどん,GM
885a,ドラメシヤ,ドラゴン,ゴースト,28,60,30,40,30,82,270,どらめしや,
886a,ドロンチ,ドラゴン,ゴースト,68,80,50,60,50,102,410,どろんち,
887a,ドラパルト,ドラゴン,ゴースト,88,120,75,100,75,142,600,どらぱると,
888a,ザシアン,フェアリー,,92,120,115,80,115,138,660,ざしあん,
888b,ザシアン王,フェアリー,はがね,92,150,115,80,115,148,700,ざしあん,王
889a,ザマゼンタ,かくとう,,92,120,115,80,115,138,660,ざまぜんた,
889b,ザマゼンタ王,かくとう,はがね,92,120,140,80,140,128,700,ざまぜんた,王
890a,ムゲンダイナ,どく,ドラゴン,140,85,95,145,95,130,690,むげんだいな,
890b,ムゲンダイナEM,どく,ドラゴン,255,115,250,125,250,130,1125,むげんだいな,EM
891a,ダクマ,かくとう,,60,90,60,53,50,72,385,だくま,
892a,ウーラオス,かくとう,あく,100,130,100,63,60,97,550,うーらおす,
892b,ウーラオス悪,かくとう,あく,100,130,100,63,60,97,550,うーらおす,悪
892c,ウーラオス水,かくとう,みず,100,130,100,63,60,97,550,うーらおす,水
892d,ウーラオス悪GM,かくとう,あく,100,130,100,63,60,97,550,うーらおす,悪GM
892e,ウーラオス水GM,かくとう,みず,100,130,100,63,60,97,550,うーらおす,水GM
893a,ザルード,あく,くさ,105,120,105,70,95,105,600,ざるーど,
894a,レジエレキ,でんき,,80,100,50,100,50,200,580,れじえれき,
895a,レジドラゴ,ドラゴン,,200,100,50,100,50,80,580,れじどらご,
896a,ブリザポス,こおり,,100,145,130,65,110,30,580,ぶりざぽす,
897a,レイスポス,ゴースト,,100,65,60,145,80,130,580,れいすぽす,
898a,バドレックス,エスパー,くさ,100,80,80,80,80,80,500,ばどれっくす,
898b,バドレックス氷,エスパー,氷,100,165,150,85,130,50,680,ばどれっくす,氷
898c,バドレックス霊,エスパー,ゴースト,100,85,80,165,100,150,680,ばどれっくす,霊
899a,アヤシシ,ノーマル,エスパー,103,105,72,105,75,65,525,あやしし,
900a,バサギリ,むし,いわ,70,135,95,45,70,85,500,ばさぎり,
901a,ガチグマ,じめん,ノーマル,130,140,105,45,80,50,550,がちぐま,
901b,ガチグマ赫月,じめん,ノーマル,113,70,120,135,65,52,555,がちぐま,赫月
902a,イダイトウ,みず,ゴースト,120,112,65,80,75,78,530,いだいとう,♂
902b,イダイトウ♀,みず,ゴースト,120,92,65,100,75,78,530,いだいとう,♀
903a,オオニューラ,かくとう,どく,80,130,60,40,80,120,510,おおにゅーら,
904a,ハリーマン,あく,どく,85,115,95,65,65,85,510,はりーまん,
905a,ラブトロス,フェアリー,ひこう,74,115,70,135,80,106,580,らぶとろす,化身
905b,ラブトロス霊獣,フェアリー,ひこう,74,115,110,135,100,46,580,らぶとろす,霊獣
906a,ニャオハ,くさ,,40,61,54,45,45,65,310,にゃおは,
907a,ニャローテ,くさ,,61,80,63,60,63,83,410,にゃろーて,
908a,マスカーニャ,くさ,あく,76,110,70,81,70,123,530,ますかーにゃ,
909a,ホゲータ,ほのお,,67,45,59,63,40,36,310,ほげーた,
910a,アチゲータ,ほのお,,81,55,78,90,58,49,411,あちげーた,
911a,ラウドボーン,ほのお,ゴースト,104,75,100,110,75,66,530,らうどぼーん,
912a,クワッス,みず,,55,65,45,50,45,50,310,くわっす,
913a,ウェルカモ,みず,,70,85,65,65,60,65,410,うぇるかも,
914a,ウェーニバル,みず,かくとう,85,120,80,85,75,85,530,うぇーにばる,
915a,グルトン,ノーマル,,54,45,40,35,45,35,254,ぐるとん,
916a,パフュートン,ノーマル,,110,100,75,59,80,65,489,ぱふゅーとん,♂
916b,パフュートン♀,ノーマル,,115,90,70,59,90,65,489,ぱふゅーとん,♀
917a,タマンチュラ,むし,,35,41,45,29,40,20,210,たまんちゅら,
918a,ワナイダー,むし,,60,79,92,52,86,35,404,わないだー,
919a,マメバッタ,むし,,33,46,40,21,25,45,210,まめばった,
920a,エクスレッグ,むし,あく,71,102,78,52,55,92,450,えくすれっぐ,
921a,パモ,でんき,,45,50,20,40,25,60,240,ぱも,
922a,パモット,でんき,かくとう,60,75,40,50,40,85,350,ぱもっと,
923a,パーモット,でんき,かくとう,70,115,70,70,60,105,490,ぱーもっと,
924a,ワッカネズミ,ノーマル,,50,50,45,40,45,75,305,わっかねずみ,
925a,イッカネズミ,ノーマル,,74,75,70,65,75,111,470,いっかねずみ,
926a,パピモッチ,フェアリー,,37,55,70,30,55,65,312,ぱぴもっち,
927a,バウッツェル,フェアリー,,57,80,115,50,80,95,477,ばうっつぇる,
928a,ミニーブ,くさ,ノーマル,41,35,45,58,51,30,260,みにーぶ,
929a,オリーニョ,くさ,ノーマル,52,53,60,78,78,33,354,おりーにょ,
930a,オリーヴァ,くさ,ノーマル,78,69,90,125,109,39,510,おりーヴぁ,
931a,イキリンコ,ノーマル,ひこう,82,96,51,45,51,92,417,いきりんこ,緑
931b,イキリンコ青,ノーマル,ひこう,82,96,51,45,51,92,417,いきりんこ,青
931c,イキリンコ黄,ノーマル,ひこう,82,96,51,45,51,92,417,いきりんこ,黄
931d,イキリンコ白,ノーマル,ひこう,82,96,51,45,51,92,417,いきりんこ,白
932a,コジオ,いわ,,55,55,75,35,35,25,280,こじお,
933a,ジオヅム,いわ,,60,60,100,35,65,35,355,じおづむ,
934a,キョジオーン,いわ,,100,100,130,45,90,35,500,きょじおーん,
935a,カルボウ,ほのお,,40,50,40,50,40,35,255,かるぼう,
936a,グレンアルマ,ほのお,エスパー,85,60,100,125,80,75,525,ぐれんあるま,
937a,ソウブレイズ,ほのお,ゴースト,75,125,80,60,100,85,525,そうぶれいず,
938a,ズピカ,でんき,,61,31,41,59,35,45,272,ずぴか,
939a,ハラバリー,でんき,,109,64,91,103,83,45,495,はらばりー,
940a,カイデン,でんき,ひこう,40,40,35,55,40,70,280,かいでん,
941a,タイカイデン,でんき,ひこう,70,70,60,105,60,125,490,たいかいでん,
942a,オラチフ,あく,,60,78,60,40,51,51,340,おらちふ,
943a,マフィティフ,あく,,80,120,90,60,70,85,505,まふぃてぃふ,
944a,シルシュルー,どく,ノーマル,40,65,35,40,35,75,290,しるしゅるー,
945a,タギングル,どく,ノーマル,63,95,65,80,72,110,485,たぎんぐる,
946a,アノクサ,くさ,ゴースト,40,65,30,45,35,60,275,あのくさ,
947a,アノホラグサ,くさ,ゴースト,55,115,70,80,70,90,480,あのほらぐさ,
948a,ノノクラゲ,じめん,くさ,40,40,35,50,100,70,335,ののくらげ,
949a,リククラゲ,じめん,くさ,80,70,65,80,120,100,515,りくくらげ,
950a,ガケガニ,いわ,,70,100,115,35,55,75,450,がけがに,
951a,カプサイジ,くさ,,50,62,40,62,40,50,304,かぷさいじ,
952a,スコヴィラン,くさ,ほのお,65,108,65,108,65,75,486,すこヴぃらん,
953a,シガロコ,むし,,41,50,60,31,58,30,270,しがろこ,
954a,ベラカス,むし,エスパー,75,50,85,115,100,45,470,べらかす,
955a,ヒラヒナ,エスパー,,30,35,30,55,30,75,255,ひらひな,
956a,クエスパトラ,エスパー,,95,60,60,101,60,105,481,くえすぱとら,
957a,カヌチャン,フェアリー,はがね,50,45,45,35,64,58,297,かぬちゃん,
958a,ナカヌチャン,フェアリー,はがね,65,55,55,45,82,78,380,なかぬちゃん,
959a,デカヌチャン,フェアリー,はがね,85,75,77,70,105,94,506,でかぬちゃん,
960a,ウミディグダ,みず,,10,55,25,35,25,95,245,うみでぃぐだ,
961a,ウミトリオ,みず,,35,100,50,50,70,120,425,うみとりお,
962a,オトシドリ,ひこう,あく,70,103,85,60,85,82,485,おとしどり,
963a,ナミイルカ,みず,,70,45,40,45,40,75,315,なみいるか,
964a,イルカマン,みず,,100,70,72,53,62,100,457,いるかまん,ナイーブ
964b,イルカマンマイティ,みず,,100,160,97,106,87,100,650,いるかまん,マイティ
965a,ブロロン,はがね,どく,45,70,63,30,45,47,300,ぶろろん,
966a,ブロロローム,はがね,どく,80,119,90,54,67,90,500,ぶろろろーむ,
967a,モトトカゲ,ドラゴン,ノーマル,70,95,65,85,65,121,501,もととかげ,
968a,ミミズズ,はがね,,70,85,145,60,55,65,480,みみずず,
969a,キラーメ,いわ,どく,48,35,42,105,60,60,350,きらーめ,
970a,キラフロル,いわ,どく,83,55,90,130,81,86,525,きらふろる,
971a,ボチ,ゴースト,,50,61,60,30,55,34,290,ぼち,
972a,ハカドッグ,ゴースト,,72,101,100,50,97,68,488,はかどっぐ,
973a,カラミンゴ,ひこう,かくとう,82,115,74,75,64,90,500,からみんご,
974a,アルクジラ,こおり,,108,68,45,30,40,43,334,あるくじら,
975a,ハルクジラ,こおり,,170,113,65,45,55,73,521,はるくじら,
976a,ミガルーサ,みず,エスパー,90,102,73,78,65,70,478,みがるーさ,
977a,ヘイラッシャ,みず,,150,100,115,65,65,35,530,へいらっしゃ,
978a,シャリタツ,ドラゴン,みず,68,50,60,120,95,82,475,しゃりたつ,
979a,コノヨザル,かくとう,ゴースト,110,115,80,50,90,90,535,このよざる,
980a,ドオー,どく,じめん,130,75,60,45,100,20,430,どおー,
981a,リキキリン,ノーマル,エスパー,120,90,70,110,70,60,520,りききりん,
982a,ノココッチ,ノーマル,,125,100,80,85,75,55,520,のここっち,
983a,ドドゲザン,あく,はがね,100,135,120,60,85,50,550,どどげざん,
984a,イダイナキバ,じめん,かくとう,115,131,131,53,53,87,570,いだいなきば,
985a,サケブシッポ,フェアリー,エスパー,115,65,99,65,115,111,570,さけぶしっぽ,
986a,アラブルタケ,くさ,あく,111,127,99,79,99,55,570,あらぶるたけ,
987a,ハバタクカミ,ゴースト,フェアリー,55,55,55,135,135,135,570,はばたくかみ,
988a,チヲハウハネ,むし,かくとう,85,135,79,85,105,81,570,ちをはうはね,
989a,スナノケガワ,でんき,じめん,85,81,97,121,85,101,570,すなのけがわ,
990a,テツノワダチ,じめん,はがね,90,112,120,72,70,106,570,てつのわだち,
991a,テツノツツミ,こおり,みず,56,80,114,124,60,136,570,てつのつつみ,
992a,テツノカイナ,かくとう,でんき,154,140,108,50,68,50,570,てつのかいな,
993a,テツノコウベ,あく,ひこう,94,80,86,122,80,108,570,てつのこうべ,
994a,テツノドクガ,ほのお,どく,80,70,60,140,110,110,570,てつのどくが,
995a,テツノイバラ,いわ,でんき,100,134,110,70,84,72,570,てつのいばら,
996a,セビエ,ドラゴン,こおり,65,75,45,35,45,55,320,せびえ,
997a,セゴール,ドラゴン,こおり,90,95,66,45,65,62,423,せごーる,
998a,セグレイブ,ドラゴン,こおり,115,145,92,75,86,87,600,せぐれいぶ,
999a,コレクレー,ゴースト,,45,30,70,75,70,10,300,これくれー,
1000a,サーフゴー,はがね,ゴースト,87,60,95,133,91,84,550,さーふごー,
1001a,チオンジェン,あく,くさ,85,85,100,95,135,70,570,ちおんじぇん,
1002a,パオジアン,あく,こおり,80,120,80,90,65,135,570,ぱおじあん,
1003a,ディンルー,あく,じめん,155,110,125,55,80,45,570,でぃんるー,
1004a,イーユイ,あく,ほのお,55,80,80,135,120,100,570,いーゆい,
1005a,トドロクツキ,ドラゴン,あく,105,139,71,55,101,119,590,とどろくつき,
1006a,テツノブジン,フェアリー,かくとう,74,130,90,120,60,116,590,てつのぶじん,
1007a,コライドン,かくとう,ドラゴン,100,135,115,85,100,135,670,こらいどん,
1008a,ミライドン,でんき,ドラゴン,100,85,100,135,115,135,670,みらいどん,
1009a,ウネルミナモ,みず,ドラゴン,99,83,91,125,83,109,590,うねるみなも,
1010a,テツノイサハ,くさ,エスパー,90,130,88,70,108,104,590,てつのいさは,
1011a,カミッチュ,くさ,ドラゴン,80,80,110,95,80,40,485,かみっちゅ,
1012a,チャデス,くさ,ゴースト,40,45,45,74,54,50,308,ちゃです,
1013a,ヤバソチャ,くさ,ゴースト,71,60,106,121,80,70,508,やばそちゃ,
1014a,イイネイヌ,どく,かくとう,88,128,115,58,86,80,555,いいねいぬ,
1015a,マシマシラ,どく,エスパー,88,75,66,130,90,106,555,ましましら,
1016a,キチキギス,どく,フェアリー,88,91,82,70,125,99,555,きちきぎす,
1017a,オーガポン,くさ,,80,120,84,60,96,110,550,おーがぽん,
1017b,オーガポン水,くさ,みず,80,120,84,60,96,110,550,おーがぽん,水
1017c,オーガポン炎,くさ,ほのお,80,120,84,60,96,110,550,おーがぽん,炎
1017d,オーガポン岩,くさ,いわ,80,120,84,60,96,110,550,おーがぽん,岩
1018a,ブリジュラス,はがね,ドラゴン,90,105,130,125,65,85,600,ぶりじゅらす,
1019a,カミツオロチ,くさ,ドラゴン,106,80,110,120,80,44,540,かみつおろち,
1020a,ウガツホムラ,ほのお,ドラゴン,105,115,121,65,93,91,590,うがつほむら,
1021a,タケルライコ,でんき,ドラゴン,125,73,91,137,89,75,590,たけるらいこ,
1022a,テツノイワオ,いわ,エスパー,90,120,80,68,108,124,590,てつのいわお,
1023a,テツノカシラ,はがね,エスパー,90,72,100,122,108,98,590,てつのかしら,
1024a,テラパゴス,ノーマル,,90,65,85,65,85,60,450,てらぱごす,ノーマル
1024b,テラパゴステラス,ノーマル,,95,95,110,105,110,85,600,てらぱごす,テラス
1024c,テラパゴスステラ,ノーマル,,160,105,110,130,110,85,700,てらぱごす,ステラ
1025a,モモワロウ,どく,ゴースト,88,88,160,88,88,88,600,ももわろう,
